{"data":[{"buId":null,"logId":6311,"contextId":null,"buList":null,"searchType":"MQErrorQueue","uIComponentID":null,"transactionId":"GT-ILCMSPX00883-05/17/2017 04:38:00 PM-CSIMPAMD","logType":"ERROR","logDate":1536601090000,"formattedMsg":null},{"buId":null,"logId":6312,"contextId":null,"buList":null,"searchType":"MQErrorQueue","uIComponentID":null,"transactionId":"GT-ILCMSPX00883-05/17/2017 04:38:00 PM-CSIMPAMD","logType":"ERROR","logDate":1536601090000,"formattedMsg":null},{"buId":null,"logId":6313,"contextId":null,"buList":null,"searchType":"MQErrorQueue","uIComponentID":null,"transactionId":"GT-ILCMSPX00883-05/17/2017 04:38:00 PM-CSIMPAMD","logType":"ERROR","logDate":1536601090000,"formattedMsg":null},{"buId":null,"logId":6314,"contextId":null,"buList":null,"searchType":"MQErrorQueue","uIComponentID":null,"transactionId":"GT-ILCMSPX00883-05/17/2017 04:38:00 PM-CSIMPAMD","logType":"ERROR","logDate":1536601090000,"formattedMsg":null},{"buId":null,"logId":6315,"contextId":null,"buList":null,"searchType":"MQErrorQueue","uIComponentID":null,"transactionId":"GT-ILCMSPX00883-05/17/2017 04:38:00 PM-CSIMPAMD","logType":"ERROR","logDate":1536601090000,"formattedMsg":null},{"buId":null,"logId":6316,"contextId":null,"buList":null,"searchType":"MQErrorQueue","uIComponentID":null,"transactionId":"GT-ILCMSPX00883-05/17/2017 04:38:00 PM-CSIMPAMD","logType":"ERROR","logDate":1536601091000,"formattedMsg":null},{"buId":null,"logId":6317,"contextId":null,"buList":null,"searchType":"MQErrorQueue","uIComponentID":null,"transactionId":"GT-ILCMWEB05113-05/18/2017 08:43:41 AM-CSIMPAMD","logType":"ERROR","logDate":1536601091000,"formattedMsg":null},{"buId":null,"logId":6318,"contextId":null,"buList":null,"searchType":"MQErrorQueue","uIComponentID":null,"transactionId":"TV01L[any]1#O[Message]L[any]0#L[any]76#S8#originalB3883#<xmlMess","logType":"ERROR","logDate":1536601091000,"formattedMsg":null},{"buId":null,"logId":6331,"contextId":null,"buList":null,"searchType":"MQErrorQueue","uIComponentID":null,"transactionId":"&á&\u0004|ã äá&\u0004\u0016\u0016\u0016|ã ä","logType":"ERROR","logDate":1536602663000,"formattedMsg":null},{"buId":2,"logId":7305,"contextId":null,"buList":null,"searchType":"MQErrorQueue","uIComponentID":null,"transactionId":"MT700-ILCMSPX01196-ZYDLUS40AXXX-0582063972","logType":"ERROR","logDate":1537543087000,"formattedMsg":null},{"buId":null,"logId":7449,"contextId":null,"buList":null,"searchType":"MQErrorQueue","uIComponentID":null,"transactionId":"l version=\"1.0\" encoding=\"UTF-8\"?>\n<soapenv:Envelope xmlns:soape","logType":"ERROR","logDate":1537543185000,"formattedMsg":null},{"buId":null,"logId":7450,"contextId":null,"buList":null,"searchType":"MQErrorQueue","uIComponentID":null,"transactionId":"Cd>USD</CurrencyCd>\n      <ProcessDate>08/03/2018</ProcessDate>","logType":"ERROR","logDate":1537552153000,"formattedMsg":null},{"buId":null,"logId":7451,"contextId":null,"buList":null,"searchType":"MQErrorQueue","uIComponentID":null,"transactionId":null,"logType":"ERROR","logDate":1537552306000,"formattedMsg":null},{"buId":null,"logId":7452,"contextId":null,"buList":null,"searchType":"MQErrorQueue","uIComponentID":null,"transactionId":null,"logType":"ERROR","logDate":1537552308000,"formattedMsg":null},{"buId":null,"logId":7751,"contextId":null,"buList":null,"searchType":"MQErrorQueue","uIComponentID":null,"transactionId":"<?xml version=\"1.0\"?>\n<pmtTransCommonDoc>\n  <checkCmn>\n    <Head","logType":"ERROR","logDate":1537544157000,"formattedMsg":null},{"buId":null,"logId":8497,"contextId":null,"buList":null,"searchType":"MQErrorQueue","uIComponentID":null,"transactionId":" &&¬ äç|ã äá&\u0004\u0016\u0004\u0016\u0016|ã ä","logType":"ERROR","logDate":1536853264000,"formattedMsg":null},{"buId":null,"logId":8864,"contextId":null,"buList":null,"searchType":"MQErrorQueue","uIComponentID":null,"transactionId":" &&¬ äç|ã äá&\u0004\u0016\u0004\u0016\u0016|ã ä","logType":"ERROR","logDate":1536853994000,"formattedMsg":null},{"buId":null,"logId":9057,"contextId":null,"buList":null,"searchType":"MQErrorQueue","uIComponentID":null,"transactionId":" &&¬å |ã äá&\u0004\u0016\u0004\u0016\u0016|ã ä","logType":"ERROR","logDate":1536854695000,"formattedMsg":null},{"buId":null,"logId":9250,"contextId":null,"buList":null,"searchType":"MQErrorQueue","uIComponentID":null,"transactionId":"GT-ILCMWEB05113-05/18/2017 08:43:41 AM-CSIMPAMD","logType":"ERROR","logDate":1536876068000,"formattedMsg":null},{"buId":null,"logId":9251,"contextId":null,"buList":null,"searchType":"MQErrorQueue","uIComponentID":null,"transactionId":" &&¬ äç\u0004|ã äá&\u0004\u0016\u0016\u0016|ã ä","logType":"ERROR","logDate":1536878294000,"formattedMsg":null},{"buId":null,"logId":9427,"contextId":null,"buList":null,"searchType":"MQErrorQueue","uIComponentID":null,"transactionId":" &&¬å \u0004|ã äá&\u0004\u0016\u0016\u0016|ã ä","logType":"ERROR","logDate":1536878442000,"formattedMsg":null},{"buId":null,"logId":9997,"contextId":null,"buList":null,"searchType":"MQErrorQueue","uIComponentID":null,"transactionId":"l version=\"1.0\" encoding=\"UTF-8\"?>\n<soapenv:Envelope xmlns:soape","logType":"ERROR","logDate":1537546400000,"formattedMsg":null},{"buId":null,"logId":9998,"contextId":null,"buList":null,"searchType":"MQErrorQueue","uIComponentID":null,"transactionId":"l version=\"1.0\" encoding=\"UTF-8\"?>\n<soapenv:Envelope xmlns:soape","logType":"ERROR","logDate":1537546504000,"formattedMsg":null},{"buId":null,"logId":10177,"contextId":null,"buList":null,"searchType":"MQErrorQueue","uIComponentID":null,"transactionId":"GT-ILCMWEB05113-05/18/2017 08:43:41 AM-CSIMPAMD","logType":"ERROR","logDate":1536851138000,"formattedMsg":null},{"buId":null,"logId":10178,"contextId":null,"buList":null,"searchType":"MQErrorQueue","uIComponentID":null,"transactionId":" &&¬ äç|ã äá&\u0004\u0016\u0004\u0016\u0016|ã ä ","logType":"ERROR","logDate":1536851723000,"formattedMsg":null},{"buId":null,"logId":10826,"contextId":null,"buList":null,"searchType":"MQErrorQueue","uIComponentID":null,"transactionId":"l version=\"1.0\" encoding=\"UTF-8\"?>\n<soapenv:Envelope xmlns:soape","logType":"ERROR","logDate":1537546514000,"formattedMsg":null},{"buId":null,"logId":11689,"contextId":null,"buList":null,"searchType":"MQErrorQueue","uIComponentID":null,"transactionId":"Cd>USD</CurrencyCd>\n      <ProcessDate>08/03/2018</ProcessDate>","logType":"ERROR","logDate":1537552613000,"formattedMsg":null},{"buId":null,"logId":11964,"contextId":null,"buList":null,"searchType":"MQErrorQueue","uIComponentID":null,"transactionId":"l version=\"1.0\" encoding=\"UTF-8\"?>\n<soapenv:Envelope xmlns:soape","logType":"ERROR","logDate":1536761814000,"formattedMsg":null},{"buId":null,"logId":11965,"contextId":null,"buList":null,"searchType":"MQErrorQueue","uIComponentID":null,"transactionId":"l version=\"1.0\" encoding=\"UTF-8\"?>\n<soapenv:Envelope xmlns:soape","logType":"ERROR","logDate":1536762304000,"formattedMsg":null},{"buId":null,"logId":11966,"contextId":null,"buList":null,"searchType":"MQErrorQueue","uIComponentID":null,"transactionId":" &&¬ äç|ã äá&\u0004\u0016\u0004\u0016\u0016|ã ä","logType":"ERROR","logDate":1536762684000,"formattedMsg":null},{"buId":null,"logId":12157,"contextId":null,"buList":null,"searchType":"MQErrorQueue","uIComponentID":null,"transactionId":" &&¬ äç|ã äá&\u0004\u0016\u0004\u0016\u0016|ã ä","logType":"ERROR","logDate":1536762937000,"formattedMsg":null},{"buId":2,"logId":12350,"contextId":null,"buList":null,"searchType":"MQErrorQueue","uIComponentID":null,"transactionId":"GT-ILCMWEB05113-05/18/2017 08:43:41 AM-CSIMPAMD","logType":"ERROR","logDate":1536876413000,"formattedMsg":null},{"buId":null,"logId":13249,"contextId":null,"buList":null,"searchType":"MQErrorQueue","uIComponentID":null,"transactionId":"l version=\"1.0\" encoding=\"UTF-8\"?>\n<soapenv:Envelope xmlns:soape","logType":"ERROR","logDate":1537545799000,"formattedMsg":null},{"buId":null,"logId":13253,"contextId":null,"buList":null,"searchType":"MQErrorQueue","uIComponentID":null,"transactionId":"l version=\"1.0\" encoding=\"UTF-8\"?>\n<soapenv:Envelope xmlns:soape","logType":"ERROR","logDate":1537546249000,"formattedMsg":null},{"buId":null,"logId":13254,"contextId":null,"buList":null,"searchType":"MQErrorQueue","uIComponentID":null,"transactionId":"l version=\"1.0\" encoding=\"UTF-8\"?>\n<soapenv:Envelope xmlns:soape","logType":"ERROR","logDate":1537546250000,"formattedMsg":null},{"buId":null,"logId":13255,"contextId":null,"buList":null,"searchType":"MQErrorQueue","uIComponentID":null,"transactionId":"l version=\"1.0\" encoding=\"UTF-8\"?>\n<soapenv:Envelope xmlns:soape","logType":"ERROR","logDate":1537546323000,"formattedMsg":null},{"buId":null,"logId":13407,"contextId":null,"buList":null,"searchType":"MQErrorQueue","uIComponentID":null,"transactionId":"l version=\"1.0\" encoding=\"UTF-8\"?>\n<soapenv:Envelope xmlns:soape","logType":"ERROR","logDate":1537546329000,"formattedMsg":null},{"buId":null,"logId":13408,"contextId":null,"buList":null,"searchType":"MQErrorQueue","uIComponentID":null,"transactionId":"l version=\"1.0\" encoding=\"UTF-8\"?>\n<soapenv:Envelope xmlns:soape","logType":"ERROR","logDate":1537546329000,"formattedMsg":null},{"buId":null,"logId":13409,"contextId":null,"buList":null,"searchType":"MQErrorQueue","uIComponentID":null,"transactionId":"l version=\"1.0\" encoding=\"UTF-8\"?>\n<soapenv:Envelope xmlns:soape","logType":"ERROR","logDate":1537546329000,"formattedMsg":null},{"buId":null,"logId":13410,"contextId":null,"buList":null,"searchType":"MQErrorQueue","uIComponentID":null,"transactionId":"l version=\"1.0\" encoding=\"UTF-8\"?>\n<soapenv:Envelope xmlns:soape","logType":"ERROR","logDate":1537546377000,"formattedMsg":null},{"buId":null,"logId":13411,"contextId":null,"buList":null,"searchType":"MQErrorQueue","uIComponentID":null,"transactionId":"l version=\"1.0\" encoding=\"UTF-8\"?>\n<soapenv:Envelope xmlns:soape","logType":"ERROR","logDate":1537546379000,"formattedMsg":null},{"buId":null,"logId":13545,"contextId":null,"buList":null,"searchType":"MQErrorQueue","uIComponentID":null,"transactionId":"MT700-ILCMSPX01196-ZYDLUS40AXXX-0582063972","logType":"ERROR","logDate":1537830311000,"formattedMsg":null}],"metadata":{"uIComponentID":"LOG_SEARCH","dataCount":42,"status":"Success","errorMsg":null}}
