{
  "data": [
    {
      "buId": 1,
      "buName": "Business Unit 1",
      "buShortName": "bu77",
      "buContactPerson": "p7",
      "createdBy": "C00001",
      "createdDate": 1525044759000,
      "lastUpdatedBy": "C00001",
      "lastUpdatedDate": 1526549087000,
      "buEmailId": "bu7@gmail.com",
      "active": "Active",
      "uIComponentID": null
    },
    {
      "buId": 2,
      "buName": "Business Unit 2",
      "buShortName": "bu8",
      "buContactPerson": "p8",
      "createdBy": "C00001",
      "createdDate": 1525477274000,
      "lastUpdatedBy": null,
      "lastUpdatedDate": null,
      "buEmailId": "bu8@gmail.com",
      "active": "Inactive",
      "uIComponentID": null
    },
    {
      "buId": 3,
      "buName": "Business Unit 3",
      "buShortName": "bu11",
      "buContactPerson": "p11",
      "createdBy": "C00001",
      "createdDate": 1525481902000,
      "lastUpdatedBy": null,
      "lastUpdatedDate": null,
      "buEmailId": "bu11@gmail.com",
      "active": "Active",
      "uIComponentID": null
    },
    {
      "buId": 4,
      "buName": "Business Unit 4",
      "buShortName": "bu13",
      "buContactPerson": "p13",
      "createdBy": "C00001",
      "createdDate": 1525732815000,
      "lastUpdatedBy": null,
      "lastUpdatedDate": null,
      "buEmailId": "bu13@gmail.com",
      "active": "Inactive",
      "uIComponentID": null
    }
  ],
  "metadata": {
    "uIComponentID": "DASHBOARD_SELECT_BU_DROPDOWN",
    "dataCount": 4,
    "status": "Success",
    "errorMsg": null
  }
}
