{
  "data": [
    {
      "buId": 1,
      "buName": "BURole102_2",
      "buRoleId": 72,
      "buRoleName": "BURole102_2",
      "active": "Active",
      "createdBy": null,
      "createdDate": null,
      "lastUpdatedBy": null,
      "lastUpdatedDate": null,
      "buRoleFunctions": []
    },
    {
      "buId": 2,
      "buName": "BURole102_6",
      "buRoleId": 83,
      "buRoleName": "BURole102_6",
      "active": "Active",
      "createdBy": null,
      "createdDate": null,
      "lastUpdatedBy": null,
      "lastUpdatedDate": null,
      "buRoleFunctions": []
    },
    {
      "buId": 3,
      "buName": "BURole_62_1",
      "buRoleId": 101,
      "buRoleName": "BURole_62_1",
      "active": "Active",
      "createdBy": null,
      "createdDate": null,
      "lastUpdatedBy": null,
      "lastUpdatedDate": null,
      "buRoleFunctions": []
    },
    {
      "buId": 4,
      "buName": "BURole_65_1",
      "buRoleId": 101,
      "buRoleName": "BURole_65_1",
      "active": "Active",
      "createdBy": null,
      "createdDate": null,
      "lastUpdatedBy": null,
      "lastUpdatedDate": null,
      "buRoleFunctions": []
    },
    {
      "buId": 5,
      "buName": "BURole_12_1",
      "buRoleId": 101,
      "buRoleName": "BURole_12_1",
      "active": "Active",
      "createdBy": null,
      "createdDate": null,
      "lastUpdatedBy": null,
      "lastUpdatedDate": null,
      "buRoleFunctions": []
    },
    {
      "buId": 1,
      "buName": "BURole102_2",
      "buRoleId": 72,
      "buRoleName": "BURole102_2",
      "active": "Active",
      "createdBy": null,
      "createdDate": null,
      "lastUpdatedBy": null,
      "lastUpdatedDate": null,
      "buRoleFunctions": []
    },
    {
      "buId": 2,
      "buName": "BURole102_6",
      "buRoleId": 83,
      "buRoleName": "BURole102_6",
      "active": "Active",
      "createdBy": null,
      "createdDate": null,
      "lastUpdatedBy": null,
      "lastUpdatedDate": null,
      "buRoleFunctions": []
    },
    {
      "buId": 3,
      "buName": "BURole_62_1",
      "buRoleId": 101,
      "buRoleName": "BURole_62_1",
      "active": "Active",
      "createdBy": null,
      "createdDate": null,
      "lastUpdatedBy": null,
      "lastUpdatedDate": null,
      "buRoleFunctions": []
    },
    {
      "buId": 4,
      "buName": "BURole_65_1",
      "buRoleId": 101,
      "buRoleName": "BURole_65_1",
      "active": "Active",
      "createdBy": null,
      "createdDate": null,
      "lastUpdatedBy": null,
      "lastUpdatedDate": null,
      "buRoleFunctions": []
    },
    {
      "buId": 5,
      "buName": "BURole_12_1",
      "buRoleId": 101,
      "buRoleName": "BURole_12_1",
      "active": "Active",
      "createdBy": null,
      "createdDate": null,
      "lastUpdatedBy": null,
      "lastUpdatedDate": null,
      "buRoleFunctions": []
    },
    {
      "buId": 1,
      "buName": "BURole102_2",
      "buRoleId": 72,
      "buRoleName": "BURole102_2",
      "active": "Active",
      "createdBy": null,
      "createdDate": null,
      "lastUpdatedBy": null,
      "lastUpdatedDate": null,
      "buRoleFunctions": []
    },
    {
      "buId": 2,
      "buName": "BURole102_6",
      "buRoleId": 83,
      "buRoleName": "BURole102_6",
      "active": "Active",
      "createdBy": null,
      "createdDate": null,
      "lastUpdatedBy": null,
      "lastUpdatedDate": null,
      "buRoleFunctions": []
    },
    {
      "buId": 3,
      "buName": "BURole_62_1",
      "buRoleId": 101,
      "buRoleName": "BURole_62_1",
      "active": "Active",
      "createdBy": null,
      "createdDate": null,
      "lastUpdatedBy": null,
      "lastUpdatedDate": null,
      "buRoleFunctions": []
    },
    {
      "buId": 4,
      "buName": "BURole_65_1",
      "buRoleId": 101,
      "buRoleName": "BURole_65_1",
      "active": "Active",
      "createdBy": null,
      "createdDate": null,
      "lastUpdatedBy": null,
      "lastUpdatedDate": null,
      "buRoleFunctions": []
    },
    {
      "buId": 5,
      "buName": "BURole_12_1",
      "buRoleId": 101,
      "buRoleName": "BURole_12_1",
      "active": "Active",
      "createdBy": null,
      "createdDate": null,
      "lastUpdatedBy": null,
      "lastUpdatedDate": null,
      "buRoleFunctions": []
    }
  ],
  "metadata": {
    "uIComponentID": "AUTHORIZATION_BU_ROLE",
    "dataCount": 3,
    "status": "Success",
    "errorMsg": null
  }
}
