{
    "data": [
        {
            "autoSuspendPassConfigId": 41,
            "autoAction": "Suspend",
            "status": "Enabled",
            "startCutoffTime": "17:00",
            "endCutoffTime": "6:00",
            "runFrequencyMins": 15,
            "isActive": "Active",
            "createdBy": "c039405",
            "createdDt": 1565189631670,
            "updatedBy": null,
            "updatedDt": null,
            "uIComponentID": null
        }
    ],
    "metadata": {
        "uIComponentID": "GET_AUTO_SUSPEND_PASS_CONFIG_INFO",
        "dataCount": 1,
        "status": "Success",
        "errorMsg": null
    }
}