{
  "response": [
    {
      "data": [
        {
          "configId": 1,
          "key": "ALL",
          "value": "ALL",
          "active": "Active",
          "categoryID": 1,
          "subCategoryID": 1,
          "categoryName": "Transaction",
          "subCategoryName": "Format",
          "category": null,
          "subCategory": null
        },
        {
          "configId": 3,
          "key": "COEAnalyst",
          "value": "COEAnalyst",
          "active": "Active",
          "categoryID": 4,
          "subCategoryID": 5,
          "categoryName": "SupportUnit",
          "subCategoryName": "UnitName",
          "category": null,
          "subCategory": null
        },
        {
          "configId": 4,
          "key": "ProdSupport",
          "value": "ProdSupport",
          "active": "Active",
          "categoryID": 4,
          "subCategoryID": 5,
          "categoryName": "SupportUnit",
          "subCategoryName": "UnitName",
          "category": null,
          "subCategory": null
        },
        {
          "configId": 5,
          "key": "EFCC",
          "value": "EFCC",
          "active": "Active",
          "categoryID": 4,
          "subCategoryID": 5,
          "categoryName": "SupportUnit",
          "subCategoryName": "UnitName",
          "category": null,
          "subCategory": null
        },
        {
          "configId": 6,
          "key": "CQA",
          "value": "CQA",
          "active": "Active",
          "categoryID": 4,
          "subCategoryID": 5,
          "categoryName": "SupportUnit",
          "subCategoryName": "UnitName",
          "category": null,
          "subCategory": null
        },
        {
          "configId": 7,
          "key": "BATCH",
          "value": "1",
          "active": "Active",
          "categoryID": 20,
          "subCategoryID": 20,
          "categoryName": "RTSS.BUSINESS.UNIT",
          "subCategoryName": "BUSINESS.UNIT.NAME",
          "category": null,
          "subCategory": null
        },
        {
          "configId": 9,
          "key": "GT",
          "value": "3",
          "active": "Active",
          "categoryID": 20,
          "subCategoryID": 20,
          "categoryName": "RTSS.BUSINESS.UNIT",
          "subCategoryName": "BUSINESS.UNIT.NAME",
          "category": null,
          "subCategory": null
        },
        {
          "configId": 10,
          "key": "FX",
          "value": "4",
          "active": "Active",
          "categoryID": 20,
          "subCategoryID": 20,
          "categoryName": "RTSS.BUSINESS.UNIT",
          "subCategoryName": "BUSINESS.UNIT.NAME",
          "category": null,
          "subCategory": null
        },
        {
          "configId": 11,
          "key": "ARP",
          "value": "5",
          "active": "Active",
          "categoryID": 20,
          "subCategoryID": 20,
          "categoryName": "RTSS.BUSINESS.UNIT",
          "subCategoryName": "BUSINESS.UNIT.NAME",
          "category": null,
          "subCategory": null
        },
        {
          "configId": 12,
          "key": "GTX",
          "value": "6",
          "active": "Active",
          "categoryID": 20,
          "subCategoryID": 20,
          "categoryName": "RTSS.BUSINESS.UNIT",
          "subCategoryName": "BUSINESS.UNIT.NAME",
          "category": null,
          "subCategory": null
        },
        {
          "configId": 13,
          "key": "EDI",
          "value": "7",
          "active": "Active",
          "categoryID": 20,
          "subCategoryID": 20,
          "categoryName": "RTSS.BUSINESS.UNIT",
          "subCategoryName": "BUSINESS.UNIT.NAME",
          "category": null,
          "subCategory": null
        },
        {
          "configId": 14,
          "key": "4EYE",
          "value": "8",
          "active": "Active",
          "categoryID": 20,
          "subCategoryID": 20,
          "categoryName": "RTSS.BUSINESS.UNIT",
          "subCategoryName": "BUSINESS.UNIT.NAME",
          "category": null,
          "subCategory": null
        },
        {
          "configId": 15,
          "key": "RTP",
          "value": "9",
          "active": "Active",
          "categoryID": 20,
          "subCategoryID": 20,
          "categoryName": "RTSS.BUSINESS.UNIT",
          "subCategoryName": "BUSINESS.UNIT.NAME",
          "category": null,
          "subCategory": null
        },
        {
          "configId": 16,
          "key": "BATCH.EMAIL",
          "value": "CoEAnalyst@usbank.com",
          "active": "Active",
          "categoryID": 21,
          "subCategoryID": 21,
          "categoryName": "RTSS.BUSINESS.UNIT.EMAIL",
          "subCategoryName": "BUSINESS.UNIT.EMAIL",
          "category": null,
          "subCategory": null
        },
        {
          "configId": 17,
          "key": "GDS.EMAIL",
          "value": "CoEAnalyst@usbank.com",
          "active": "Active",
          "categoryID": 21,
          "subCategoryID": 21,
          "categoryName": "RTSS.BUSINESS.UNIT.EMAIL",
          "subCategoryName": "BUSINESS.UNIT.EMAIL",
          "category": null,
          "subCategory": null
        },
        {
          "configId": 18,
          "key": "GT.EMAIL",
          "value": "CoEAnalyst@usbank.com",
          "active": "Active",
          "categoryID": 21,
          "subCategoryID": 21,
          "categoryName": "RTSS.BUSINESS.UNIT.EMAIL",
          "subCategoryName": "BUSINESS.UNIT.EMAIL",
          "category": null,
          "subCategory": null
        },
        {
          "configId": 19,
          "key": "FX.EMAIL",
          "value": "CoEAnalyst@usbank.com",
          "active": "Active",
          "categoryID": 21,
          "subCategoryID": 21,
          "categoryName": "RTSS.BUSINESS.UNIT.EMAIL",
          "subCategoryName": "BUSINESS.UNIT.EMAIL",
          "category": null,
          "subCategory": null
        },
        {
          "configId": 20,
          "key": "ARP.EMAIL",
          "value": "CoEAnalyst@usbank.com",
          "active": "Active",
          "categoryID": 21,
          "subCategoryID": 21,
          "categoryName": "RTSS.BUSINESS.UNIT.EMAIL",
          "subCategoryName": "BUSINESS.UNIT.EMAIL",
          "category": null,
          "subCategory": null
        },
        {
          "configId": 21,
          "key": "GTX.EMAIL",
          "value": "CoEAnalyst@usbank.com",
          "active": "Active",
          "categoryID": 21,
          "subCategoryID": 21,
          "categoryName": "RTSS.BUSINESS.UNIT.EMAIL",
          "subCategoryName": "BUSINESS.UNIT.EMAIL",
          "category": null,
          "subCategory": null
        },
        {
          "configId": 22,
          "key": "EDI.EMAIL",
          "value": "CoEAnalyst@usbank.com",
          "active": "Active",
          "categoryID": 21,
          "subCategoryID": 21,
          "categoryName": "RTSS.BUSINESS.UNIT.EMAIL",
          "subCategoryName": "BUSINESS.UNIT.EMAIL",
          "category": null,
          "subCategory": null
        },
        {
          "configId": 23,
          "key": "4EYE.EMAIL",
          "value": "CoEAnalyst@usbank.com",
          "active": "Active",
          "categoryID": 21,
          "subCategoryID": 21,
          "categoryName": "RTSS.BUSINESS.UNIT.EMAIL",
          "subCategoryName": "BUSINESS.UNIT.EMAIL",
          "category": null,
          "subCategory": null
        },
        {
          "configId": 24,
          "key": "RTP.EMAIL",
          "value": "CoEAnalyst@usbank.com",
          "active": "Active",
          "categoryID": 21,
          "subCategoryID": 21,
          "categoryName": "RTSS.BUSINESS.UNIT.EMAIL",
          "subCategoryName": "BUSINESS.UNIT.EMAIL",
          "category": null,
          "subCategory": null
        },
        {
          "configId": 25,
          "key": "PRODSUPPORT.EMAIL",
          "value": "FIRCOOFACDEVSupportDG@usbank.com",
          "active": "Active",
          "categoryID": 22,
          "subCategoryID": 22,
          "categoryName": "RTSS.PRODSUPPORT.UNIT.EMAIL",
          "subCategoryName": "PRODSUPPORT.UNIT.EMAIL",
          "category": null,
          "subCategory": null
        },
        {
          "configId": 26,
          "key": "REPLYTO.EMAIL",
          "value": "FIRCOOFACDEVSupportDG@usbank.com",
          "active": "Active",
          "categoryID": 23,
          "subCategoryID": 23,
          "categoryName": "RTSS.ERROR.NOTIFICATION.REPLYTO.EMAIL",
          "subCategoryName": "ERROR.NOTIFICATION.REPLYTO.EMAIL",
          "category": null,
          "subCategory": null
        },
        {
          "configId": 27,
          "key": "DEFAULT.EMAIL",
          "value": "CoEAnalyst@usbank.com",
          "active": "Active",
          "categoryID": 24,
          "subCategoryID": 24,
          "categoryName": "RTSS.ERROR.NOTIFICATION.DEFAULT.EMAIL",
          "subCategoryName": "ERROR.NOTIFICATION.DEFAULT.EMAIL",
          "category": null,
          "subCategory": null
        },
        {
          "configId": 28,
          "key": "Rescan",
          "value": "Rescan",
          "active": "Active",
          "categoryID": 2,
          "subCategoryID": 13,
          "categoryName": "LogSearch",
          "subCategoryName": "COEAnalyst",
          "category": null,
          "subCategory": null
        },
        {
          "configId": 29,
          "key": "MQErrorQueue",
          "value": "MQErrorQueue",
          "active": "Active",
          "categoryID": 2,
          "subCategoryID": 13,
          "categoryName": "LogSearch",
          "subCategoryName": "COEAnalyst",
          "category": null,
          "subCategory": null
        },
        {
          "configId": 30,
          "key": "GoldenData",
          "value": "GoldenData",
          "active": "Active",
          "categoryID": 2,
          "subCategoryID": 13,
          "categoryName": "LogSearch",
          "subCategoryName": "COEAnalyst",
          "category": null,
          "subCategory": null
        },
        {
          "configId": 31,
          "key": "Rescan",
          "value": "Rescan",
          "active": "Active",
          "categoryID": 2,
          "subCategoryID": 12,
          "categoryName": "LogSearch",
          "subCategoryName": "ProdSupport",
          "category": null,
          "subCategory": null
        },
        {
          "configId": 32,
          "key": "MQErrorQueue",
          "value": "MQErrorQueue",
          "active": "Active",
          "categoryID": 2,
          "subCategoryID": 12,
          "categoryName": "LogSearch",
          "subCategoryName": "ProdSupport",
          "category": null,
          "subCategory": null
        },
        {
          "configId": 33,
          "key": "OfacDashboard",
          "value": "OfacDashboard",
          "active": "Active",
          "categoryID": 2,
          "subCategoryID": 12,
          "categoryName": "LogSearch",
          "subCategoryName": "ProdSupport",
          "category": null,
          "subCategory": null
        },
        {
          "configId": 34,
          "key": "GoldenData",
          "value": "GoldenData",
          "active": "Active",
          "categoryID": 2,
          "subCategoryID": 12,
          "categoryName": "LogSearch",
          "subCategoryName": "ProdSupport",
          "category": null,
          "subCategory": null
        },
        {
          "configId": 35,
          "key": "NAS_Mount",
          "value": "/firco_it",
          "active": "Active",
          "categoryID": 5,
          "subCategoryID": 8,
          "categoryName": "Environment",
          "subCategoryName": "IT",
          "category": null,
          "subCategory": null
        },
        {
          "configId": 36,
          "key": "GWL_Staging_LOC",
          "value": "kzdrop",
          "active": "Active",
          "categoryID": 5,
          "subCategoryID": 8,
          "categoryName": "Environment",
          "subCategoryName": "IT",
          "category": null,
          "subCategory": null
        },
        {
          "configId": 37,
          "key": "Internal_List_Staging_Loc",
          "value": "kzdrop/internal_list",
          "active": "Active",
          "categoryID": 5,
          "subCategoryID": 8,
          "categoryName": "Environment",
          "subCategoryName": "IT",
          "category": null,
          "subCategory": null
        },
        {
          "configId": 38,
          "key": "Rule_File_Staging_Loc",
          "value": "kzdrop/resource",
          "active": "Active",
          "categoryID": 5,
          "subCategoryID": 8,
          "categoryName": "Environment",
          "subCategoryName": "IT",
          "category": null,
          "subCategory": null
        },
        {
          "configId": 39,
          "key": "GWL_Import_Loc",
          "value": "fircosoft/foftest/list_import/GWL",
          "active": "Active",
          "categoryID": 5,
          "subCategoryID": 8,
          "categoryName": "Environment",
          "subCategoryName": "IT",
          "category": null,
          "subCategory": null
        },
        {
          "configId": 40,
          "key": "InternalList_Import_Loc",
          "value": "fircosoft/foftest/list_import/internal_list",
          "active": "Active",
          "categoryID": 5,
          "subCategoryID": 8,
          "categoryName": "Environment",
          "subCategoryName": "IT",
          "category": null,
          "subCategory": null
        },
        {
          "configId": 41,
          "key": "Rule_File_Import_Loc",
          "value": "fircosoft/foftest/resource",
          "active": "Active",
          "categoryID": 5,
          "subCategoryID": 8,
          "categoryName": "Environment",
          "subCategoryName": "IT",
          "category": null,
          "subCategory": null
        },
        {
          "configId": 42,
          "key": "Combined_KZ_Loc",
          "value": "fircosoft/foftest/list_export",
          "active": "Active",
          "categoryID": 5,
          "subCategoryID": 8,
          "categoryName": "Environment",
          "subCategoryName": "IT",
          "category": null,
          "subCategory": null
        },
        {
          "configId": 43,
          "key": "List_Deploy_Script",
          "value": "fircosoft/foftest/scripts",
          "active": "Active",
          "categoryID": 5,
          "subCategoryID": 8,
          "categoryName": "Environment",
          "subCategoryName": "IT",
          "category": null,
          "subCategory": null
        },
        {
          "configId": 44,
          "key": "List_Deploy_Loc",
          "value": "fircosoft/foftest/list_deploy",
          "active": "Active",
          "categoryID": 5,
          "subCategoryID": 8,
          "categoryName": "Environment",
          "subCategoryName": "IT",
          "category": null,
          "subCategory": null
        },
        {
          "configId": 45,
          "key": "App_Root_Dir",
          "value": "/opt/fircosoft",
          "active": "Active",
          "categoryID": 5,
          "subCategoryID": 8,
          "categoryName": "Environment",
          "subCategoryName": "IT",
          "category": null,
          "subCategory": null
        },
        {
          "configId": 46,
          "key": "Rescan_Root_Dir",
          "value": "/Batch/Rescan",
          "active": "Active",
          "categoryID": 5,
          "subCategoryID": 8,
          "categoryName": "Environment",
          "subCategoryName": "IT",
          "category": null,
          "subCategory": null
        },
        {
          "configId": 47,
          "key": "GoldenData_Root_Dir",
          "value": "/Batch/GoldenData",
          "active": "Active",
          "categoryID": 5,
          "subCategoryID": 8,
          "categoryName": "Environment",
          "subCategoryName": "IT",
          "category": null,
          "subCategory": null
        },
        {
          "configId": 48,
          "key": "FOFTest_Root_Dir",
          "value": "/fircosoft/foftest",
          "active": "Active",
          "categoryID": 5,
          "subCategoryID": 8,
          "categoryName": "Environment",
          "subCategoryName": "IT",
          "category": null,
          "subCategory": null
        },
        {
          "configId": 49,
          "key": "Test_Data_Loc",
          "value": "fircosoft/foftest/data",
          "active": "Active",
          "categoryID": 5,
          "subCategoryID": 8,
          "categoryName": "Environment",
          "subCategoryName": "IT",
          "category": null,
          "subCategory": null
        },
        {
          "configId": 50,
          "key": "Holiday_List",
          "value": "holidays.properties",
          "active": "Active",
          "categoryID": 5,
          "subCategoryID": 8,
          "categoryName": "Environment",
          "subCategoryName": "IT",
          "category": null,
          "subCategory": null
        },
        {
          "configId": 51,
          "key": "EXECUTION_COUNT",
          "value": "3",
          "active": "Active",
          "categoryID": 3,
          "subCategoryID": 3,
          "categoryName": "Batch",
          "subCategoryName": "Rescan",
          "category": null,
          "subCategory": null
        },
        {
          "configId": 52,
          "key": "NAS_Share",
          "value": "\\\\us.bank-dns.com\\NAS\\pri\\fircoshare_it",
          "active": "Active",
          "categoryID": 5,
          "subCategoryID": 8,
          "categoryName": "Environment",
          "subCategoryName": "IT",
          "category": null,
          "subCategory": null
        },
        {
          "configId": 53,
          "key": "Resource_Deploy_Loc",
          "value": "fircosoft/foftest/resource_deploy",
          "active": "Active",
          "categoryID": 5,
          "subCategoryID": 8,
          "categoryName": "Environment",
          "subCategoryName": "IT",
          "category": null,
          "subCategory": null
        },
        {
          "configId": 54,
          "key": "EFCC.EMAIL",
          "value": "EFCCEconomicSanctionsAdvisory@usbank.com",
          "active": "Active",
          "categoryID": 25,
          "subCategoryID": 25,
          "categoryName": "RTSS.EFCC.UNIT.EMAIL",
          "subCategoryName": "EFCC.UNIT.EMAIL",
          "category": null,
          "subCategory": null
        },
        {
          "configId": 55,
          "key": "MQ.SWITCH.ON.YESNO",
          "value": "YES",
          "active": "Active",
          "categoryID": 30,
          "subCategoryID": 30,
          "categoryName": "FIRCO.INTERNAL.MQ.MONITORING",
          "subCategoryName": "FIRCO.MQ.SWITCH",
          "category": null,
          "subCategory": null
        },
        {
          "configId": 56,
          "key": "MQ.REUSE.CONNECTION.YESNO",
          "value": "YES",
          "active": "Active",
          "categoryID": 30,
          "subCategoryID": 31,
          "categoryName": "FIRCO.INTERNAL.MQ.MONITORING",
          "subCategoryName": "FIRCO.MQ.REUSE.CONNECTION",
          "category": null,
          "subCategory": null
        },
        {
          "configId": 57,
          "key": "MONITORING.FREQUENCY.MINUTES",
          "value": "5",
          "active": "Active",
          "categoryID": 30,
          "subCategoryID": 32,
          "categoryName": "FIRCO.INTERNAL.MQ.MONITORING",
          "subCategoryName": "FIRCO.INTERNAL.MQ.MONITORING.FREQUENCY",
          "category": null,
          "subCategory": null
        },
        {
          "configId": 58,
          "key": "MONITORING.DEPTH.THRESHOLD",
          "value": "5000",
          "active": "Active",
          "categoryID": 30,
          "subCategoryID": 33,
          "categoryName": "FIRCO.INTERNAL.MQ.MONITORING",
          "subCategoryName": "FIRCO.INTERNAL.MQ.MONITORING.DEPTH.THRESHOLD",
          "category": null,
          "subCategory": null
        },
        {
          "configId": 1245,
          "key": "Scan1",
          "value": "Scan2",
          "active": "Active",
          "categoryID": 3,
          "subCategoryID": 3,
          "categoryName": "Batch",
          "subCategoryName": "Rescan",
          "category": null,
          "subCategory": null
        },
        {
          "configId": 1246,
          "key": "Scan11",
          "value": "Scan22",
          "active": "Active",
          "categoryID": 3,
          "subCategoryID": 3,
          "categoryName": "Batch",
          "subCategoryName": "Rescan",
          "category": null,
          "subCategory": null
        },
        {
          "configId": 1301,
          "key": "Batch12",
          "value": "Batch",
          "active": "Active",
          "categoryID": 2,
          "subCategoryID": 1,
          "categoryName": "LogSearch",
          "subCategoryName": "Format",
          "category": null,
          "subCategory": null
        },
        {
          "configId": 1341,
          "key": "XML",
          "value": "XML",
          "active": "Active",
          "categoryID": 1,
          "subCategoryID": 1,
          "categoryName": "Transaction",
          "subCategoryName": "Format",
          "category": null,
          "subCategory": null
        },
        {
          "configId": 1361,
          "key": "NEW_998",
          "value": "M009",
          "active": "Inactive",
          "categoryID": 2,
          "subCategoryID": 1,
          "categoryName": "LogSearch",
          "subCategoryName": "Format",
          "category": null,
          "subCategory": null
        },
        {
          "configId": 1363,
          "key": "fg rthy ert ert",
          "value": "rry 55554",
          "active": "Inactive",
          "categoryID": 2,
          "subCategoryID": 1,
          "categoryName": "LogSearch",
          "subCategoryName": "Format",
          "category": null,
          "subCategory": null
        },
        {
          "configId": 1381,
          "key": "Batch1",
          "value": "Batch",
          "active": "Active",
          "categoryID": 2,
          "subCategoryID": 1,
          "categoryName": "LogSearch",
          "subCategoryName": "Format",
          "category": null,
          "subCategory": null
        }
      ],
      "metadata": {
        "uIComponentID": "ADMIN_CONFIG_SEARCHALL",
        "dataCount": 63,
        "status": "Success",
        "errorMsg": null
      }
    }
  ],
  "metadata": {
    "uIComponentID": "METADATA",
    "dataCount": 1,
    "status": "Success",
    "errorMsg": null
  }
}