{
  "response": [
    {
      "data": [
        {
          "categoryID": 4,
          "categoryName": "Environment",
          "categoryType": "TOS"
        },
        {
          "categoryID": 5,
          "categoryName": "SupportUnit",
          "categoryType": "TOS"
        },
        {
          "categoryID": 20,
          "categoryName": "RTSS.BUSINESS.UNIT",
          "categoryType": "TOS"
        },
        {
          "categoryID": 21,
          "categoryName": "RTSS.BUSINESS.UNIT.EMAIL",
          "categoryType": "TOS"
        },
        {
          "categoryID": 22,
          "categoryName": "RTSS.PRODSUPPORT.UNIT.EMAIL",
          "categoryType": "TOS"
        },
        {
          "categoryID": 23,
          "categoryName": "RTSS.ERROR.NOTIFICATION.REPLYTO.EMAIL",
          "categoryType": "TOS"
        },
        {
          "categoryID": 24,
          "categoryName": "RTSS.ERROR.NOTIFICATION.DEFAULT.EMAIL",
          "categoryType": "TOS"
        },
        {
          "categoryID": 1,
          "categoryName": "Transaction",
          "categoryType": "TOS"
        },
        {
          "categoryID": 2,
          "categoryName": "LogSearch",
          "categoryType": "TOS"
        },
        {
          "categoryID": 3,
          "categoryName": "Batch",
          "categoryType": "TOS"
        }
      ],
      "metadata": {
        "uIComponentID": "ADMIN_CONFIG_CATEGORY",
        "dataCount": 10,
        "status": "Success",
        "errorMsg": null
      }
    },
    {
      "data": [
        {
          "subCategoryID": 5,
          "subCategoryName": "UnitName",
          "subCategoryType": "TOS"
        },
        {
          "subCategoryID": 6,
          "subCategoryName": "FOFTest",
          "subCategoryType": "TOS"
        },
        {
          "subCategoryID": 7,
          "subCategoryName": "Dev",
          "subCategoryType": "TOS"
        },
        {
          "subCategoryID": 8,
          "subCategoryName": "IT",
          "subCategoryType": "TOS"
        },
        {
          "subCategoryID": 9,
          "subCategoryName": "UAT",
          "subCategoryType": "TOS"
        },
        {
          "subCategoryID": 10,
          "subCategoryName": "PreProd",
          "subCategoryType": "TOS"
        },
        {
          "subCategoryID": 11,
          "subCategoryName": "Prod",
          "subCategoryType": "TOS"
        },
        {
          "subCategoryID": 12,
          "subCategoryName": "UnitName",
          "subCategoryType": "TOS"
        },
        {
          "subCategoryID": 20,
          "subCategoryName": "BUSINESS.UNIT.NAME",
          "subCategoryType": "TOS"
        },
        {
          "subCategoryID": 21,
          "subCategoryName": "BUSINESS.UNIT.EMAIL",
          "subCategoryType": "TOS"
        },
        {
          "subCategoryID": 22,
          "subCategoryName": "PRODSUPPORT.UNIT.EMAIL",
          "subCategoryType": "TOS"
        },
        {
          "subCategoryID": 23,
          "subCategoryName": "ERROR.NOTIFICATION.REPLYTO.EMAIL",
          "subCategoryType": "TOS"
        },
        {
          "subCategoryID": 24,
          "subCategoryName": "ERROR.NOTIFICATION.DEFAULT.EMAIL",
          "subCategoryType": "TOS"
        },
        {
          "subCategoryID": 1,
          "subCategoryName": "Format",
          "subCategoryType": "TOS"
        },
        {
          "subCategoryID": 2,
          "subCategoryName": "SearchType",
          "subCategoryType": "TOS"
        },
        {
          "subCategoryID": 3,
          "subCategoryName": "Rescan",
          "subCategoryType": "TOS"
        },
        {
          "subCategoryID": 4,
          "subCategoryName": "GoldenData",
          "subCategoryType": "TOS"
        }
      ],
      "metadata": {
        "uIComponentID": "ADMIN_CONFIG_SUBCATEGORY",
        "dataCount": 17,
        "status": "Success",
        "errorMsg": null
      }
    }
  ],
  "metadata": {
    "uIComponentID": "METADATA",
    "dataCount": 2,
    "status": "Success",
    "errorMsg": null
  }
}
