{
  "data": [
    {
      "buName": "ACH",
      "totalMessageRecived": 8.0,
      "stopRate": 50.0,
      "totalHits": 4.0,
      "alertRate": 50.0,
      "messagesWithHits": 4.0
    },
    {
      "buName": "CDIRA",
      "totalMessageRecived": 1.0,
      "stopRate": 100.0,
      "totalHits": 6.0,
      "alertRate": 600.0,
      "messagesWithHits": 1.0
    },
    {
      "buName": "FX",
      "totalMessageRecived": 4102.0,
      "stopRate": 40.13,
      "totalHits": 3324.0,
      "alertRate": 81.03,
      "messagesWithHits": 1646.0
    },
    {
      "buName": "GDS",
      "totalMessageRecived": 16.0,
      "stopRate": 56.25,
      "totalHits": 27.0,
      "alertRate": 168.75,
      "messagesWithHits": 9.0
    },
    {
      "buName": "ICS",
      "totalMessageRecived": 1.0,
      "stopRate": 100.0,
      "totalHits": 3.0,
      "alertRate": 300.0,
      "messagesWithHits": 1.0
    },
    {
      "buName": "LS",
      "totalMessageRecived": 1.0,
      "stopRate": 100.0,
      "totalHits": 3.0,
      "alertRate": 300.0,
      "messagesWithHits": 1.0
    },
    {
      "buName": "RTP",
      "totalMessageRecived": 330.0,
      "stopRate": 34.55,
      "totalHits": 115.0,
      "alertRate": 34.85,
      "messagesWithHits": 114.0
    },
    {
      "buName": "WMIS",
      "totalMessageRecived": 63.0,
      "stopRate": 15.87,
      "totalHits": 10.0,
      "alertRate": 15.87,
      "messagesWithHits": 10.0
    },
    {
      "buName": "IR",
      "totalMessageRecived": 560.0,
      "stopRate": 0.0,
      "totalHits": 0.0,
      "alertRate": 0.0,
      "messagesWithHits": 0.0
    },
    {
      "buName": "RTP",
      "totalMessageRecived": 330.0,
      "stopRate": 34.55,
      "totalHits": 115.0,
      "alertRate": 34.85,
      "messagesWithHits": 114.0
    },
    {
      "buName": "WMIS",
      "totalMessageRecived": 63.0,
      "stopRate": 15.87,
      "totalHits": 10.0,
      "alertRate": 15.87,
      "messagesWithHits": 10.0
    },
    {
      "buName": "IR",
      "totalMessageRecived": 560.0,
      "stopRate": 0.0,
      "totalHits": 0.0,
      "alertRate": 0.0,
      "messagesWithHits": 0.0
    }
  ],
  "metadata": {
    "uIComponentID": "PRODUCTION_REPORT",
    "dataCount": 9,
    "status": "Success",
    "errorMsg": null
  }
}