{
  "data": [
    {
      "buId": 561,
      "buName": "APP_FXI",
      "buShortName": "APP_FXI",
      "buContactPerson": "APP_FXI",
      "createdBy": "C00001",
      "createdDate": 1534153381000,
      "lastUpdatedBy": "C00001",
      "lastUpdatedDate": 1534232550000,
      "buEmailId": "app@usbank.com",
      "active": "Active",
      "uIComponentID": null,
      "buSupportUnit": "N",
      "unitName": "ProdSupport"
    },
    {
      "buId": 741,
      "buName": "APP_GDS",
      "buShortName": "APP_GT",
      "buContactPerson": "Priya",
      "createdBy": "C00001",
      "createdDate": 1536302661000,
      "lastUpdatedBy": null,
      "lastUpdatedDate": null,
      "buEmailId": "pia@report.com",
      "active": "Active",
      "uIComponentID": null,
      "buSupportUnit": "Y",
      "unitName": "ProdSupport"
    },
    {
      "buId": 381,
      "buName": "EDI",
      "buShortName": "EDI",
      "buContactPerson": "John",
      "createdBy": "C00001",
      "createdDate": 1531149409000,
      "lastUpdatedBy": null,
      "lastUpdatedDate": null,
      "buEmailId": "john.edi@usbank.com",
      "active": "Active",
      "uIComponentID": null,
      "buSupportUnit": "N",
      "unitName": "COEAnalyst"
    },
    {
      "buId": 301,
      "buName": "FX",
      "buShortName": "FX",
      "buContactPerson": "Forex Admin",
      "createdBy": "C00001",
      "createdDate": 1529456186000,
      "lastUpdatedBy": "C00001",
      "lastUpdatedDate": 1536923454000,
      "buEmailId": "forex.admin@usbank.com",
      "active": "Active",
      "uIComponentID": null,
      "buSupportUnit": "N",
      "unitName": "BusinessUser"
    },
    {
      "buId": 681,
      "buName": "GDS",
      "buShortName": "GDS",
      "buContactPerson": "John Purell",
      "createdBy": "C00001",
      "createdDate": 1535552796000,
      "lastUpdatedBy": "C00001",
      "lastUpdatedDate": 1535559545000,
      "buEmailId": "john.purell@usbank.com",
      "active": "Active",
      "uIComponentID": null,
      "buSupportUnit": "N",
      "unitName": "COEAnalyst"
    },
    {
      "buId": 321,
      "buName": "GTX",
      "buShortName": "GTX",
      "buContactPerson": "GTX representative",
      "createdBy": "C00001",
      "createdDate": 1530204641000,
      "lastUpdatedBy": null,
      "lastUpdatedDate": null,
      "buEmailId": "gtx@gtxusb.com",
      "active": "Active",
      "uIComponentID": null,
      "buSupportUnit": "N",
      "unitName": "ProdSupport"
    },
    {
      "buId": 742,
      "buName": "Priya_test",
      "buShortName": "Sharma_FX",
      "buContactPerson": "Priya",
      "createdBy": "C00001",
      "createdDate": 1536304254000,
      "lastUpdatedBy": null,
      "lastUpdatedDate": null,
      "buEmailId": "priya@mail.com",
      "active": "Inactive",
      "uIComponentID": null,
      "buSupportUnit": "N",
      "unitName": "ProdSupport"
    },
    {
      "buId": 641,
      "buName": "QA_Test",
      "buShortName": "QAT",
      "buContactPerson": "Test team",
      "createdBy": "C00001",
      "createdDate": 1534768467000,
      "lastUpdatedBy": "C00001",
      "lastUpdatedDate": 1534776921000,
      "buEmailId": "qa@usbank.com",
      "active": "Active",
      "uIComponentID": null,
      "buSupportUnit": "N",
      "unitName": "ProdSupport"
    },
    {
      "buId": 581,
      "buName": "Rashmi_Test",
      "buShortName": "Agrahari",
      "buContactPerson": "RA",
      "createdBy": "C00001",
      "createdDate": 1534228860000,
      "lastUpdatedBy": null,
      "lastUpdatedDate": null,
      "buEmailId": "rashmi.agrahari@usbank.com",
      "active": "Active",
      "uIComponentID": null,
      "buSupportUnit": "N",
      "unitName": "ProdSupport"
    },
    {
      "buId": 661,
      "buName": "TestUser",
      "buShortName": "user",
      "buContactPerson": "59985",
      "createdBy": "C00001",
      "createdDate": 1534854002000,
      "lastUpdatedBy": "C00001",
      "lastUpdatedDate": 1534857068000,
      "buEmailId": "testuser1@usbank.com",
      "active": "Active",
      "uIComponentID": null,
      "buSupportUnit": "N",
      "unitName": "ProdSupport"
    },
    {
      "buId": 541,
      "buName": "UTSandbox",
      "buShortName": "UTS",
      "buContactPerson": "Muthu Selvam",
      "createdBy": "C00001",
      "createdDate": 1533885466000,
      "lastUpdatedBy": null,
      "lastUpdatedDate": null,
      "buEmailId": "muthu.selvam@usbank.com",
      "active": "Active",
      "uIComponentID": null,
      "buSupportUnit": "Y",
      "unitName": "ProdSupport"
    },
    {
      "buId": 761,
      "buName": "demo",
      "buShortName": "demo",
      "buContactPerson": "muthu",
      "createdBy": "C00001",
      "createdDate": 1536662788000,
      "lastUpdatedBy": "C00001",
      "lastUpdatedDate": 1536934367000,
      "buEmailId": "muthu.selvam@usbank.com",
      "active": "Active",
      "uIComponentID": null,
      "buSupportUnit": "N",
      "unitName": "COEAnalyst"
    }
  ],
  "metadata": {
    "uIComponentID": "AUTHORIZATION_BU",
    "dataCount": 12,
    "status": "Success",
    "errorMsg": null
  }
}
