{
    "data": [
        {
            "key": "NO_HIT_AND_NO_HIT",
            "value": "1 - Previously NO HITS and Now NO HITS"
        },
        {
            "key": "NO_HIT_AND_HITS",
            "value": "2 - Previously NO HITS and Now HITS"
        },
        {
            "key": "HITS_AND_NO_HIT",
            "value": "3 - Previously HITS and Now NO HITS"
        },
        {
            "key": "HITS_AND_HITS",
            "value": "4 - Previously HITS and Now HITS"
        } 
    ],
    "metadata": {
        "uIComponentID": "RESCREEN_RECON_REPORT_TYPE",
        "dataCount": 4,
        "status": "Success",
        "errorMsg": null
    }
}