{
    "data": [
        {
            "rescanRequestId": 1361,
            "buName": "FX",
            "format": "ALL",
            "messageId": "FXXYZ6051 600040",
            "initSystemId": "DIN20190823092950-00009-42042",
            "rescreenSystemId": "DIN20190828123017-00011-108658",
            "previousScreenDt": "2019/08/23 09:30:07",
            "previousResult": "HITS",
            "previousFCTYState": "PASSED",
            "rescreenScreenDt": "2019/08/28 12:31:26",
            "rescreensResult": "HITS",
            "rescreenFCTYState": "FILTER",
            "uIComponentID": null
        },
        {
            "rescanRequestId": 1361,
            "buName": "FX",
            "format": "ALL",
            "messageId": "FXXYZ6051 600039",
            "initSystemId": "DIN20190823092919-00008-42042",
            "rescreenSystemId": "DIN20190828123017-00005-108659",
            "previousScreenDt": "2019/08/23 09:30:05",
            "previousResult": "HITS",
            "previousFCTYState": "PASSED",
            "rescreenScreenDt": "2019/08/28 12:31:26",
            "rescreensResult": "HITS",
            "rescreenFCTYState": "FILTER",
            "uIComponentID": null
        },
        {
            "rescanRequestId": 1361,
            "buName": "FX",
            "format": "ALL",
            "messageId": "FXXYZ6051 600038",
            "initSystemId": "DIN20190823092808-00007-42042",
            "rescreenSystemId": "DIN20190828123017-00010-108658",
            "previousScreenDt": "2019/08/23 09:28:27",
            "previousResult": "HITS",
            "previousFCTYState": "PASSED",
            "rescreenScreenDt": "2019/08/28 12:31:16",
            "rescreensResult": "HITS",
            "rescreenFCTYState": "FILTER",
            "uIComponentID": null
        },
        {
            "rescanRequestId": 1361,
            "buName": "FX",
            "format": "ALL",
            "messageId": "FXXYZ6051 600033",
            "initSystemId": "DIN20190823092738-00006-42042",
            "rescreenSystemId": "DIN20190828123017-00009-108658",
            "previousScreenDt": "2019/08/23 09:28:26",
            "previousResult": "HITS",
            "previousFCTYState": "PASSED",
            "rescreenScreenDt": "2019/08/28 12:31:06",
            "rescreensResult": "HITS",
            "rescreenFCTYState": "PASSED",
            "uIComponentID": null
        },
        {
            "rescanRequestId": 1361,
            "buName": "FX",
            "format": "ALL",
            "messageId": "FXXYZ6051 600032",
            "initSystemId": "DIN20190823082028-00003-42043",
            "rescreenSystemId": "DIN20190828123017-00004-108659",
            "previousScreenDt": "2019/08/23 08:20:49",
            "previousResult": "HITS",
            "previousFCTYState": "FILTER",
            "rescreenScreenDt": "2019/08/28 12:31:16",
            "rescreensResult": "HITS",
            "rescreenFCTYState": "FILTER",
            "uIComponentID": null
        },
        {
            "rescanRequestId": 1361,
            "buName": "FX",
            "format": "ALL",
            "messageId": "FXXYZ6051 600031",
            "initSystemId": "DIN20190823082003-00005-42042",
            "rescreenSystemId": "DIN20190828123017-00008-108658",
            "previousScreenDt": "2019/08/23 08:20:48",
            "previousResult": "HITS",
            "previousFCTYState": "FILTER",
            "rescreenScreenDt": "2019/08/28 12:31:06",
            "rescreensResult": "HITS",
            "rescreenFCTYState": "PASSED",
            "uIComponentID": null
        },
        {
            "rescanRequestId": 1361,
            "buName": "FX",
            "format": "ALL",
            "messageId": "FXXYZ6051 600030",
            "initSystemId": "DIN20190823081922-00002-42043",
            "rescreenSystemId": "DIN20190828123017-00007-108658",
            "previousScreenDt": "2019/08/23 08:19:49",
            "previousResult": "HITS",
            "previousFCTYState": "FILTER",
            "rescreenScreenDt": "2019/08/28 12:30:56",
            "rescreensResult": "HITS",
            "rescreenFCTYState": "PASSED",
            "uIComponentID": null
        },
        {
            "rescanRequestId": 1361,
            "buName": "FX",
            "format": "ALL",
            "messageId": "FXXYZ6051 600029",
            "initSystemId": "DIN20190823081846-00004-42042",
            "rescreenSystemId": "DIN20190828123017-00003-108659",
            "previousScreenDt": "2019/08/23 08:19:47",
            "previousResult": "HITS",
            "previousFCTYState": "FILTER",
            "rescreenScreenDt": "2019/08/28 12:30:56",
            "rescreensResult": "HITS",
            "rescreenFCTYState": "PASSED",
            "uIComponentID": null
        },
        {
            "rescanRequestId": 1361,
            "buName": "FX",
            "format": "ALL",
            "messageId": "FXXYZ6051 600028",
            "initSystemId": "DIN20190823081755-00003-42042",
            "rescreenSystemId": "DIN20190828123017-00006-108658",
            "previousScreenDt": "2019/08/23 08:18:14",
            "previousResult": "HITS",
            "previousFCTYState": "FILTER",
            "rescreenScreenDt": "2019/08/28 12:30:46",
            "rescreensResult": "HITS",
            "rescreenFCTYState": "PASSED",
            "uIComponentID": null
        },
        {
            "rescanRequestId": 1361,
            "buName": "FX",
            "format": "ALL",
            "messageId": "FXXYZ6051 600027",
            "initSystemId": "DIN20190823081714-00002-42042",
            "rescreenSystemId": "DIN20190828123017-00005-108658",
            "previousScreenDt": "2019/08/23 08:18:11",
            "previousResult": "HITS",
            "previousFCTYState": "FILTER",
            "rescreenScreenDt": "2019/08/28 12:30:46",
            "rescreensResult": "HITS",
            "rescreenFCTYState": "PASSED",
            "uIComponentID": null
        },
        {
            "rescanRequestId": 1361,
            "buName": "FX",
            "format": "ALL",
            "messageId": "FXXYZ6051 600026",
            "initSystemId": "DIN20190823081608-00001-42042",
            "rescreenSystemId": "DIN20190828123017-00004-108658",
            "previousScreenDt": "2019/08/23 08:16:29",
            "previousResult": "HITS",
            "previousFCTYState": "PASSED",
            "rescreenScreenDt": "2019/08/28 12:30:36",
            "rescreensResult": "HITS",
            "rescreenFCTYState": "PASSED",
            "uIComponentID": null
        },
        {
            "rescanRequestId": 1361,
            "buName": "FX",
            "format": "ALL",
            "messageId": "FXXYZ6051 600025",
            "initSystemId": "DIN20190823081537-00001-42043",
            "rescreenSystemId": "DIN20190828123017-00003-108658",
            "previousScreenDt": "2019/08/23 08:16:29",
            "previousResult": "HITS",
            "previousFCTYState": "PASSED",
            "rescreenScreenDt": "2019/08/28 12:30:36",
            "rescreensResult": "HITS",
            "rescreenFCTYState": "PASSED",
            "uIComponentID": null
        },
        {
            "rescanRequestId": 1361,
            "buName": "FX",
            "format": "ALL",
            "messageId": "FXXYZ6051 600024",
            "initSystemId": "DIN20190823081430-00000-42042",
            "rescreenSystemId": "DIN20190828123012-00002-108658",
            "previousScreenDt": "2019/08/23 08:14:49",
            "previousResult": "HITS",
            "previousFCTYState": "PASSED",
            "rescreenScreenDt": "2019/08/28 12:30:25",
            "rescreensResult": "HITS",
            "rescreenFCTYState": "PASSED",
            "uIComponentID": null
        },
        {
            "rescanRequestId": 1361,
            "buName": "FX",
            "format": "ALL",
            "messageId": "FXXYZ6051 600023",
            "initSystemId": "DIN20190823081410-00000-42043",
            "rescreenSystemId": "DIN20190828123012-00001-108658",
            "previousScreenDt": "2019/08/23 08:14:49",
            "previousResult": "HITS",
            "previousFCTYState": "PASSED",
            "rescreenScreenDt": "2019/08/28 12:30:25",
            "rescreensResult": "HITS",
            "rescreenFCTYState": "PASSED",
            "uIComponentID": null
        }
    ],
    "metadata": {
        "uIComponentID": "GET_RESCREEN_RECON_MSG_DETAIL",
        "dataCount": 14,
        "status": "Success",
        "errorMsg": null
    }
}