{
  "response": [
    {
      "data": [
        {
          "configId": 28,
          "key": "Rescan",
          "value": "Rescan",
          "active": "Active",
          "categoryID": 2,
          "subCategoryID": 13,
          "categoryName": "LogSearch",
          "subCategoryName": "COEAnalyst",
          "category": null,
          "subCategory": null
        },
        {
          "configId": 29,
          "key": "MQErrorQueue",
          "value": "MQErrorQueue",
          "active": "Active",
          "categoryID": 2,
          "subCategoryID": 13,
          "categoryName": "LogSearch",
          "subCategoryName": "COEAnalyst",
          "category": null,
          "subCategory": null
        },
        {
          "configId": 30,
          "key": "GoldenData",
          "value": "GoldenData",
          "active": "Active",
          "categoryID": 2,
          "subCategoryID": 13,
          "categoryName": "LogSearch",
          "subCategoryName": "COEAnalyst",
          "category": null,
          "subCategory": null
        },
        {
          "configId": 261,
          "key": "OfacDashboard",
          "value": "OfacDashboard",
          "active": "Active",
          "categoryID": 2,
          "subCategoryID": 13,
          "categoryName": "LogSearch",
          "subCategoryName": "COEAnalyst",
          "category": null,
          "subCategory": null
        }
      ],
      "metadata": {
        "uIComponentID": "ADMIN_CONFIG_SEARCHBYID",
        "dataCount": 3,
        "status": "Success",
        "errorMsg": null
      }
    }
  ],
  "metadata": {
    "uIComponentID": "METADATA",
    "dataCount": 1,
    "status": "Success",
    "errorMsg": null
  }
}
