{
  "response": [
    {
      "data": [
        {
          "buId": 1,
          "buName": "BU168_Test",
          "buShortName": "BU_168",
          "buContactPerson": "bu_168",
          "buEmailId": "BU168@bank.com",
          "active": "Active",
          "uIComponentID": ""
        },
        {
          "buId": 3,
          "buName": "BU0095",
          "buShortName": "RA",
          "buContactPerson": "p95",
          "buEmailId": "rabu@gmail.com",
          "active": "Active",
          "uIComponentID": ""
        }
      ],
      "metadata": {
        "uIComponentID": "CONTEXT_BU",
        "dataCount": 2,
        "status": "Success",
        "errorMsg": null
      }
    },
    {
      "data": [
        {
          "buFunctionName": "Function100"
        },
        {
          "buFunctionName": "Function200"
        }
      ],
      "metadata": {
        "uIComponentID": "CONTEXT_FUNCTIONS_IN_BU",
        "dataCount": 2,
        "status": "Success",
        "errorMsg": null
      }
    }
  ],
  "metadata": {
    "uIComponentID": "METADATA",
    "dataCount": 2,
    "status": "Success",
    "errorMsg": null
  }
}
