{
  "data": [
    {
      "buId": 1,
      "buName": "ACH",
      "buShortName": "ACH",
      "buContactPerson": "Vi M Huynh",
      "createdBy": "C00001",
      "createdDate": 1539367131000,
      "lastUpdatedBy": null,
      "lastUpdatedDate": null,
      "buEmailId": "coeanalyst@usbank.com",
      "active": "Active",
      "uIComponentID": null,
      "buSupportUnit": "N",
      "unitName": "BusinessUnit"
    },
    {
      "buId": 13,
      "buName": "ACH GA",
      "buShortName": "ACH GA",
      "buContactPerson": "Vi M Huynh",
      "createdBy": "C00001",
      "createdDate": 1539367132000,
      "lastUpdatedBy": null,
      "lastUpdatedDate": null,
      "buEmailId": "coeanalyst@usbank.com",
      "active": "Active",
      "uIComponentID": null,
      "buSupportUnit": "N",
      "unitName": "BusinessUnit"
    },
    {
      "buId": 862,
      "buName": "BL User",
      "buShortName": "BL",
      "buContactPerson": "Vi M Huynh",
      "createdBy": "C00001",
      "createdDate": 1539367132000,
      "lastUpdatedBy": null,
      "lastUpdatedDate": null,
      "buEmailId": "coeanalyst@usbank.com",
      "active": "Active",
      "uIComponentID": null,
      "buSupportUnit": "N",
      "unitName": "BusinessUnit"
    },
    {
      "buId": 2,
      "buName": "CDIRA",
      "buShortName": "CDIRA",
      "buContactPerson": "Vi M Huynh",
      "createdBy": "C00001",
      "createdDate": 1539367131000,
      "lastUpdatedBy": null,
      "lastUpdatedDate": null,
      "buEmailId": "coeanalyst@usbank.com",
      "active": "Active",
      "uIComponentID": null,
      "buSupportUnit": "N",
      "unitName": "BusinessUnit"
    },
    {
      "buId": 3,
      "buName": "DI",
      "buShortName": "DI",
      "buContactPerson": "Vi M Huynh",
      "createdBy": "C00001",
      "createdDate": 1539367131000,
      "lastUpdatedBy": null,
      "lastUpdatedDate": null,
      "buEmailId": "coeanalyst@usbank.com",
      "active": "Active",
      "uIComponentID": null,
      "buSupportUnit": "N",
      "unitName": "BusinessUnit"
    },
    {
      "buId": 4,
      "buName": "DP",
      "buShortName": "DP",
      "buContactPerson": "Vi M Huynh",
      "createdBy": "C00001",
      "createdDate": 1539367131000,
      "lastUpdatedBy": null,
      "lastUpdatedDate": null,
      "buEmailId": "coeanalyst@usbank.com",
      "active": "Active",
      "uIComponentID": null,
      "buSupportUnit": "N",
      "unitName": "BusinessUnit"
    },
    {
      "buId": 5,
      "buName": "FX",
      "buShortName": "FX",
      "buContactPerson": "Vi M Huynh",
      "createdBy": "C00001",
      "createdDate": 1539367131000,
      "lastUpdatedBy": null,
      "lastUpdatedDate": null,
      "buEmailId": "coeanalyst@usbank.com",
      "active": "Active",
      "uIComponentID": null,
      "buSupportUnit": "N",
      "unitName": "BusinessUnit"
    },
    {
      "buId": 6,
      "buName": "GA",
      "buShortName": "GA",
      "buContactPerson": "Vi M Huynh",
      "createdBy": "C00001",
      "createdDate": 1539367131000,
      "lastUpdatedBy": null,
      "lastUpdatedDate": null,
      "buEmailId": "coeanalyst@usbank.com",
      "active": "Active",
      "uIComponentID": null,
      "buSupportUnit": "N",
      "unitName": "BusinessUnit"
    },
    {
      "buId": 7,
      "buName": "GDS",
      "buShortName": "GDS",
      "buContactPerson": "Vi M Huynh",
      "createdBy": "C00001",
      "createdDate": 1539367131000,
      "lastUpdatedBy": null,
      "lastUpdatedDate": null,
      "buEmailId": "coeanalyst@usbank.com",
      "active": "Active",
      "uIComponentID": null,
      "buSupportUnit": "N",
      "unitName": "BusinessUnit"
    },
    {
      "buId": 8,
      "buName": "ICS",
      "buShortName": "ICS",
      "buContactPerson": "Vi M Huynh",
      "createdBy": "C00001",
      "createdDate": 1539367132000,
      "lastUpdatedBy": null,
      "lastUpdatedDate": null,
      "buEmailId": "coeanalyst@usbank.com",
      "active": "Active",
      "uIComponentID": null,
      "buSupportUnit": "N",
      "unitName": "BusinessUnit"
    },
    {
      "buId": 9,
      "buName": "IR",
      "buShortName": "IR",
      "buContactPerson": "Vi M Huynh",
      "createdBy": "C00001",
      "createdDate": 1539367132000,
      "lastUpdatedBy": null,
      "lastUpdatedDate": null,
      "buEmailId": "coeanalyst@usbank.com",
      "active": "Active",
      "uIComponentID": null,
      "buSupportUnit": "N",
      "unitName": "BusinessUnit"
    },
    {
      "buId": 15,
      "buName": "LS",
      "buShortName": "LS",
      "buContactPerson": "Vi M Huynh",
      "createdBy": "C00001",
      "createdDate": 1539367132000,
      "lastUpdatedBy": null,
      "lastUpdatedDate": null,
      "buEmailId": "coeanalyst@usbank.com",
      "active": "Active",
      "uIComponentID": null,
      "buSupportUnit": "N",
      "unitName": "BusinessUnit"
    },
    {
      "buId": 10,
      "buName": "RTP",
      "buShortName": "RTP",
      "buContactPerson": "Vi M Huynh",
      "createdBy": "C00001",
      "createdDate": 1539367132000,
      "lastUpdatedBy": null,
      "lastUpdatedDate": null,
      "buEmailId": "coeanalyst@usbank.com",
      "active": "Active",
      "uIComponentID": null,
      "buSupportUnit": "N",
      "unitName": "BusinessUnit"
    },
    {
      "buId": 14,
      "buName": "WIRES FG",
      "buShortName": "WIRES FG",
      "buContactPerson": "Vi M Huynh",
      "createdBy": "C00001",
      "createdDate": 1539367132000,
      "lastUpdatedBy": null,
      "lastUpdatedDate": null,
      "buEmailId": "coeanalyst@usbank.com",
      "active": "Active",
      "uIComponentID": null,
      "buSupportUnit": "N",
      "unitName": "BusinessUnit"
    },
    {
      "buId": 12,
      "buName": "WMIS",
      "buShortName": "WMIS",
      "buContactPerson": "Vi M Huynh",
      "createdBy": "C00001",
      "createdDate": 1539367132000,
      "lastUpdatedBy": null,
      "lastUpdatedDate": null,
      "buEmailId": "coeanalyst@usbank.com",
      "active": "Active",
      "uIComponentID": null,
      "buSupportUnit": "N",
      "unitName": "BusinessUnit"
    },
    {
      "buId": 11,
      "buName": "Wires",
      "buShortName": "Wires",
      "buContactPerson": "Vi M Huynh",
      "createdBy": "C00001",
      "createdDate": 1539367132000,
      "lastUpdatedBy": null,
      "lastUpdatedDate": null,
      "buEmailId": "coeanalyst@usbank.com",
      "active": "Active",
      "uIComponentID": null,
      "buSupportUnit": "N",
      "unitName": "BusinessUnit"
    }
  ],
  "metadata": {
    "uIComponentID": "AUTHORIZATION_BU",
    "dataCount": 16,
    "status": "Success",
    "errorMsg": null
  }
}
