{
  "data": [
      {
          "activityId": 2,
          "userId": "c039405",
          "userName": "Muthu Selvam",
          "eventLogFromDt": null,
          "eventLogToDt": null,
          "eventLogDt": "2019-07-05 12:23:40.0",
          "dashboardPage": "FOF Test Configuration",
          "dashboardFunction": "Update Existing Data Config",
          "newDeatil": "FofTest_Data_Configuration [businessType=ACH, format=ALL, createdBy=c039405, updatedBy=c039405, active=Active, uiComponentID=FOFTEST_DATA_CONFIG, hitRateMin=0.01, hitRateMax=100.0, dataDays=8, fofDataConfigId=722, updatedDate=null, createdDate=2019-07-05 12:23:40.273, randomSampleSizeIsActive=Active, randomSampleSizePerDay=2]",
          "oldDetail": "FofTest_Data_Configuration [businessType=ACH, format=ALL, createdBy=c039405, updatedBy=null, active=Active, uiComponentID=null, hitRateMin=0.01, hitRateMax=100.0, dataDays=30, fofDataConfigId=721, updatedDate=null, createdDate=2019-07-05 12:23:16.018, randomSampleSizeIsActive=Inactive, randomSampleSizePerDay=2]"
      },
      {
          "activityId": 21,
          "userId": "c039405",
          "userName": "Muthu Selvam",
          "eventLogFromDt": null,
          "eventLogToDt": null,
          "eventLogDt": "2019-07-09 11:28:11.0",
          "dashboardPage": "FOF Test Configuration",
          "dashboardFunction": "Update FOFTest Job Status",
          "newDeatil": "FOFTest Job Enabled/Disabled: [status=Enabled]",
          "oldDetail": "FOFTest Job Enabled/Disabled: [status=Disabled]"
      },
      {
          "activityId": 22,
          "userId": "c039405",
          "userName": "Muthu Selvam",
          "eventLogFromDt": null,
          "eventLogToDt": null,
          "eventLogDt": "2019-07-09 11:28:18.0",
          "dashboardPage": "FOF Test Configuration",
          "dashboardFunction": "Update FOFTest Job Status",
          "newDeatil": "FOFTest Job Enabled/Disabled: [status=Disabled]",
          "oldDetail": "FOFTest Job Enabled/Disabled: [status=Enabled]"
      },
      {
          "activityId": 23,
          "userId": "c039405",
          "userName": "Muthu Selvam",
          "eventLogFromDt": null,
          "eventLogToDt": null,
          "eventLogDt": "2019-07-09 11:28:24.0",
          "dashboardPage": "FOF Test Configuration",
          "dashboardFunction": "Update FOFTest Job Status",
          "newDeatil": "FOFTest Job Enabled/Disabled: [status=Enabled]",
          "oldDetail": "FOFTest Job Enabled/Disabled: [status=Disabled]"
      },
      {
          "activityId": 24,
          "userId": "c039405",
          "userName": "Muthu Selvam",
          "eventLogFromDt": null,
          "eventLogToDt": null,
          "eventLogDt": "2019-07-09 13:41:18.0",
          "dashboardPage": "FOF Test Configuration",
          "dashboardFunction": "Update FOFTest Job Status",
          "newDeatil": "FOFTest Job Enabled/Disabled: [status=Disabled]",
          "oldDetail": "FOFTest Job Enabled/Disabled: [status=Enabled]"
      },
      {
          "activityId": 25,
          "userId": "c039405",
          "userName": "Muthu Selvam",
          "eventLogFromDt": null,
          "eventLogToDt": null,
          "eventLogDt": "2019-07-09 13:41:41.0",
          "dashboardPage": "FOF Test Configuration",
          "dashboardFunction": "Update FOFTest Job Status",
          "newDeatil": "FOFTest Job Enabled/Disabled: [status=Enabled]",
          "oldDetail": "FOFTest Job Enabled/Disabled: [status=Disabled]"
      },
      {
          "activityId": 1,
          "userId": "c039405",
          "userName": "Muthu Selvam",
          "eventLogFromDt": null,
          "eventLogToDt": null,
          "eventLogDt": "2019-07-05 12:23:16.0",
          "dashboardPage": "FOF Test Configuration",
          "dashboardFunction": "Update Existing Data Config",
          "newDeatil": "FofTest_Data_Configuration [businessType=ACH, format=ALL, createdBy=c039405, updatedBy=c039405, active=Active, uiComponentID=FOFTEST_DATA_CONFIG, hitRateMin=0.01, hitRateMax=100.0, dataDays=30, fofDataConfigId=721, updatedDate=null, createdDate=2019-07-05 12:23:16.018, randomSampleSizeIsActive=Inactive, randomSampleSizePerDay=2]",
          "oldDetail": "FofTest_Data_Configuration [businessType=ACH, format=ALL, createdBy=c039717, updatedBy=null, active=Active, uiComponentID=null, hitRateMin=0.01, hitRateMax=100.0, dataDays=8, fofDataConfigId=681, updatedDate=null, createdDate=2019-06-12 00:27:46.151, randomSampleSizeIsActive=Active, randomSampleSizePerDay=2]"
      }
  ],
  "metadata": {
      "uIComponentID": "USER_ACTIVITY_EVENT_SEARCH",
      "dataCount": 7,
      "status": "Success",
      "errorMsg": null
  }
}