{
    "data": [
        {
            "configId": 0,
            "id": 0,
            "componentType": "Batch",
            "componentName": null,
            "lastJobRunDate": "2019-03-12 14:21:44.0",
            "componentStatus": "partial running",
            "subComponent": null,
            "moduleType": null,
            "uIComponentID": null
        },
        {
            "configId": 0,
            "id": 0,
            "componentType": "Backend",
            "componentName": null,
            "lastJobRunDate": "2019-03-12 14:25:58.0",
            "componentStatus": "running",
            "subComponent": null,
            "moduleType": null,
            "uIComponentID": null
        },
        {
            "configId": 0,
            "id": 0,
            "componentType": "FCTY",
            "componentName": null,
            "lastJobRunDate": "2019-03-12 14:26:47.0",
            "componentStatus": "failed",
            "subComponent": null,
            "moduleType": null,
            "uIComponentID": null
        }
    ],
    "metadata": {
        "uIComponentID": "GET_COMPONENT_STATUS",
        "dataCount": 3,
        "status": "Success",
        "errorMsg": null
    }
}