{
    "data": [
        {
            "componentName": "Multiplexer",
            "serverName": "VMAKSA69901EAZ",
            "subComponent": "Multiplexer-router#001(717)-mqbatchrouter",
            "serverEnvironment": "DEV",
            "flag": "Failed",
            "runningSince": "2019-03-05 06:51:17.001"
        },
        {
            "componentName": "Requester",
            "serverName": "VMIKSA69901CJ5",
            "subComponent": "Requester-requester#009(781)-httpreq",
            "serverEnvironment": "OBC",
            "flag": "Running",
            "runningSince": "2019-03-05 06:51:17.001"
        }
    ],
    "metadata": {
        "uIComponentID": "GET_COMPONENT_DETAILS",
        "dataCount": 2,
        "status": "Success",
        "errorMsg": null
    }
}