{
  "data": [
    {
      "jobName": "f_ofac_sanc_listwatcher",
      "batchStatus": "Submitted",
      "jobType": "File Watcher",
      "serverTier": "Batch Server",
      "lastRanDate": "2018-12-05 09:10:06",
      "scheduledRunDate": "2018-12-06 09:10:06"
    },
    {
      "jobName": "f_ofac_sanc_internal_listwatcher",
      "batchStatus": "InProgress",
      "jobType": "File Watcher",
      "serverTier": "Batch Server",
      "lastRanDate": "2018-12-06 07:30:06",
      "scheduledRunDate": "2018-12-06 09:16:00"
    },
    {
      "jobName": "f_ofac_sanc_rulefilewatcher",
      "batchStatus": "Failed",
      "jobType": "File Watcher",
      "serverTier": "Batch Server",
      "lastRanDate": "2018-12-06 09:10:06",
      "scheduledRunDate": "2018-12-07 03:10:07"
    },
    {
      "jobName": "f_ofac_sanc_resourcefilewatcher",
      "batchStatus": "Completed",
      "jobType": "File Watcher",
      "serverTier": "Batch Server",
      "lastRanDate": "2018-12-04 08:10:06",
      "scheduledRunDate": "2018-12-05 02:10:06"
    },
    {
      "jobName": "c_ofac_sanc_gwlzipcopy",
      "batchStatus": "Submitted",
      "jobType": "Command",
      "serverTier": "Batch Server",
      "lastRanDate": "2018-12-02 05:10:07",
      "scheduledRunDate": "2018-12-06 11:18:00"
    },
    {
      "jobName": "c_ofac_sanc_gwlcopy",
      "batchStatus": "Completed",
      "jobType": "Command",
      "serverTier": "Batch Server",
      "lastRanDate": "2018-12-05 09:10:06",
      "scheduledRunDate": "2018-12-05 09:10:06"
    },
    {
      "jobName": "c_ofac_sanc_internallistcopy",
      "batchStatus": "Completed",
      "jobType": "Command",
      "serverTier": "Batch Server",
      "lastRanDate": "2018-12-05 09:10:06",
      "scheduledRunDate": "2018-12-05 09:10:06"
    },
    {
      "jobName": "c_ofac_sanc_rulefilecopy",
      "batchStatus": "Failed",
      "jobType": "Command",
      "serverTier": "Batch Server",
      "lastRanDate": "2018-12-07 09:10:06",
      "scheduledRunDate": "2018-12-08 09:10:06"
    },
    {
      "jobName": "c_ofac_sanc_resourcefilecopy",
      "batchStatus": "Completed",
      "jobType": "Command",
      "serverTier": "Batch Server",
      "lastRanDate": "2018-12-05 09:10:06",
      "scheduledRunDate": "2018-12-05 09:10:06"
    },
    {
      "jobName": "c_ofac_sanc_listprepare",
      "batchStatus": "Completed",
      "jobType": "Command",
      "serverTier": "Utilities Server",
      "lastRanDate": "2018-12-03 09:10:06",
      "scheduledRunDate": "2018-12-06 09:10:06"
    },
    {
      "jobName": "c_ofac_sanc_finalkzcopy",
      "batchStatus": "Failed",
      "jobType": "Command",
      "serverTier": "Batch Server",
      "lastRanDate": "2018-12-04 09:10:46",
      "scheduledRunDate": "2018-12-06 09:10:16"
    },
    {
      "jobName": "c_ofac_sanc_injectrulfile",
      "batchStatus": "Completed",
      "serverTier": "Backends Server",
      "jobType": "Command",
      "lastRanDate": "2018-12-05 09:10:06",
      "scheduledRunDate": "2018-12-05 09:10:06"
    },
    {
      "jobName": "c_ofac_sanc_injectresfile",
      "batchStatus": "Completed",
      "serverTier": "Backends Server",
      "jobType": "Command",
      "lastRanDate": "2018-12-05 09:10:36",
      "scheduledRunDate": "2018-12-06 09:10:46"
    },
    {
      "jobName": "c_ofac_sanc_injectkzfile",
      "batchStatus": "Failed",
      "serverTier": "Backends Server",
      "jobType": "Command",
      "lastRanDate": "2018-12-07 09:10:16",
      "scheduledRunDate": "2018-12-07 10:10:06"
    },
    {
      "jobName": "c_ofac_sanc_updatejobsuccess",
      "batchStatus": "Failed",
      "jobType": "Command",
      "serverTier": "Batch Server",
      "lastRanDate": "2018-12-04 09:10:06",
      "scheduledRunDate": "2018-12-05 01:10:06"
    },
    {
      "jobName": "c_ofac_sanc_updatejobfailure",
      "batchStatus": "Failed",
      "jobType": "Command",
      "serverTier": "Batch Server",
      "lastRanDate": "2018-12-05 09:10:06",
      "scheduledRunDate": "2018-12-05 09:10:06"
    },
    {
      "jobName": "c_ofac_sanc_rescan",
      "batchStatus": "Failed",
      "jobType": "Command",
      "serverTier": "Batch Server",
      "lastRanDate": "2018-12-06 09:14:06",
      "scheduledRunDate": "2018-12-07 10:10:06"
    },
    {
      "jobName": "c_ofac_sanc_goldendata",
      "batchStatus": "Failed",
      "jobType": "Command",
      "serverTier": "Batch Server",
      "lastRanDate": "2018-12-05 09:10:06",
      "scheduledRunDate": "2018-12-05 09:10:06"
    },
    {
      "jobName": "c_ofac_sanc_advrpt_daily",
      "batchStatus": "Failed",
      "serverTier": "Backends Server",
      "jobType": "Command",
      "lastRanDate": "2018-12-04 10:10:06",
      "scheduledRunDate": "2018-12-05 07:10:06"
    }
  ],
  "metadata": {
    "uIComponentID": "BATCH_COMPONENTS",
    "dataCount": 2,
    "status": "Success",
    "errorMsg": null
  }
}
