{
  "data": [
    {
      "dashboardSummaryList": [
        {
          "businessUnit": "ACH",
          "buName": null,
          "totalReceived": 1484.0,
          "totalNoHits": 958,
          "totalHits": 526,
          "totalPercentageHits": 2.39,
          "totalOpen": 3549.0,
          "totalOpenFinalHits": 3549.0,
          "dashboardType": null,
          "totalStopRate": 35.44,
          "sumTotalNoHits": 0,
          "sumTotalHits": 0,
          "sumTotalOpen": 0.0,
          "sumTotalReceived": 0.0,
          "sumTotalStopRate": 0.0,
          "sumTotalOpenFinalHits": 0.0,
          "sumTotalPercentageHits": 0.0
        },
        {
          "businessUnit": "ACH GA",
          "buName": null,
          "totalReceived": 63.0,
          "totalNoHits": 3,
          "totalHits": 60,
          "totalPercentageHits": 6.57,
          "totalOpen": 414.0,
          "totalOpenFinalHits": 414.0,
          "dashboardType": null,
          "totalStopRate": 95.24,
          "sumTotalNoHits": 0,
          "sumTotalHits": 0,
          "sumTotalOpen": 0.0,
          "sumTotalReceived": 0.0,
          "sumTotalStopRate": 0.0,
          "sumTotalOpenFinalHits": 0.0,
          "sumTotalPercentageHits": 0.0
        },
        {
          "businessUnit": "CDIRA",
          "buName": null,
          "totalReceived": 7.0,
          "totalNoHits": 0,
          "totalHits": 7,
          "totalPercentageHits": 15.86,
          "totalOpen": 103.0,
          "totalOpenFinalHits": 111.0,
          "dashboardType": null,
          "totalStopRate": 100.0,
          "sumTotalNoHits": 0,
          "sumTotalHits": 0,
          "sumTotalOpen": 0.0,
          "sumTotalReceived": 0.0,
          "sumTotalStopRate": 0.0,
          "sumTotalOpenFinalHits": 0.0,
          "sumTotalPercentageHits": 0.0
        },
        {
          "businessUnit": "DI",
          "buName": null,
          "totalReceived": 53.0,
          "totalNoHits": 2,
          "totalHits": 51,
          "totalPercentageHits": 7.09,
          "totalOpen": 376.0,
          "totalOpenFinalHits": 376.0,
          "dashboardType": null,
          "totalStopRate": 96.23,
          "sumTotalNoHits": 0,
          "sumTotalHits": 0,
          "sumTotalOpen": 0.0,
          "sumTotalReceived": 0.0,
          "sumTotalStopRate": 0.0,
          "sumTotalOpenFinalHits": 0.0,
          "sumTotalPercentageHits": 0.0
        },
        {
          "businessUnit": "DP",
          "buName": null,
          "totalReceived": 11.0,
          "totalNoHits": 9,
          "totalHits": 2,
          "totalPercentageHits": 1.09,
          "totalOpen": 12.0,
          "totalOpenFinalHits": 12.0,
          "dashboardType": null,
          "totalStopRate": 18.18,
          "sumTotalNoHits": 0,
          "sumTotalHits": 0,
          "sumTotalOpen": 0.0,
          "sumTotalReceived": 0.0,
          "sumTotalStopRate": 0.0,
          "sumTotalOpenFinalHits": 0.0,
          "sumTotalPercentageHits": 0.0
        },
        {
          "businessUnit": "FX",
          "buName": null,
          "totalReceived": 216.0,
          "totalNoHits": 127,
          "totalHits": 89,
          "totalPercentageHits": 1.71,
          "totalOpen": 369.0,
          "totalOpenFinalHits": 369.0,
          "dashboardType": null,
          "totalStopRate": 41.2,
          "sumTotalNoHits": 0,
          "sumTotalHits": 0,
          "sumTotalOpen": 0.0,
          "sumTotalReceived": 0.0,
          "sumTotalStopRate": 0.0,
          "sumTotalOpenFinalHits": 0.0,
          "sumTotalPercentageHits": 0.0
        },
        {
          "businessUnit": "GDS",
          "buName": null,
          "totalReceived": 2.0,
          "totalNoHits": 0,
          "totalHits": 2,
          "totalPercentageHits": 6.0,
          "totalOpen": 6.0,
          "totalOpenFinalHits": 12.0,
          "dashboardType": null,
          "totalStopRate": 100.0,
          "sumTotalNoHits": 0,
          "sumTotalHits": 0,
          "sumTotalOpen": 0.0,
          "sumTotalReceived": 0.0,
          "sumTotalStopRate": 0.0,
          "sumTotalOpenFinalHits": 0.0,
          "sumTotalPercentageHits": 0.0
        },
        {
          "businessUnit": "ICS",
          "buName": null,
          "totalReceived": 122.0,
          "totalNoHits": 0,
          "totalHits": 122,
          "totalPercentageHits": 6.61,
          "totalOpen": 806.0,
          "totalOpenFinalHits": 806.0,
          "dashboardType": null,
          "totalStopRate": 100.0,
          "sumTotalNoHits": 0,
          "sumTotalHits": 0,
          "sumTotalOpen": 0.0,
          "sumTotalReceived": 0.0,
          "sumTotalStopRate": 0.0,
          "sumTotalOpenFinalHits": 0.0,
          "sumTotalPercentageHits": 0.0
        },
        {
          "businessUnit": "IR",
          "buName": null,
          "totalReceived": 53.0,
          "totalNoHits": 2,
          "totalHits": 51,
          "totalPercentageHits": 7.09,
          "totalOpen": 376.0,
          "totalOpenFinalHits": 376.0,
          "dashboardType": null,
          "totalStopRate": 96.23,
          "sumTotalNoHits": 0,
          "sumTotalHits": 0,
          "sumTotalOpen": 0.0,
          "sumTotalReceived": 0.0,
          "sumTotalStopRate": 0.0,
          "sumTotalOpenFinalHits": 0.0,
          "sumTotalPercentageHits": 0.0
        },
        {
          "businessUnit": "LS",
          "buName": null,
          "totalReceived": 11.0,
          "totalNoHits": 9,
          "totalHits": 2,
          "totalPercentageHits": 1.09,
          "totalOpen": 12.0,
          "totalOpenFinalHits": 12.0,
          "dashboardType": null,
          "totalStopRate": 18.18,
          "sumTotalNoHits": 0,
          "sumTotalHits": 0,
          "sumTotalOpen": 0.0,
          "sumTotalReceived": 0.0,
          "sumTotalStopRate": 0.0,
          "sumTotalOpenFinalHits": 0.0,
          "sumTotalPercentageHits": 0.0
        },
        {
          "businessUnit": "RTP",
          "buName": null,
          "totalReceived": 216.0,
          "totalNoHits": 127,
          "totalHits": 89,
          "totalPercentageHits": 1.71,
          "totalOpen": 369.0,
          "totalOpenFinalHits": 369.0,
          "dashboardType": null,
          "totalStopRate": 41.2,
          "sumTotalNoHits": 0,
          "sumTotalHits": 0,
          "sumTotalOpen": 0.0,
          "sumTotalReceived": 0.0,
          "sumTotalStopRate": 0.0,
          "sumTotalOpenFinalHits": 0.0,
          "sumTotalPercentageHits": 0.0
        },
        {
          "businessUnit": "WMIS",
          "buName": null,
          "totalReceived": 2.0,
          "totalNoHits": 0,
          "totalHits": 2,
          "totalPercentageHits": 6.0,
          "totalOpen": 6.0,
          "totalOpenFinalHits": 12.0,
          "dashboardType": null,
          "totalStopRate": 100.0,
          "sumTotalNoHits": 0,
          "sumTotalHits": 0,
          "sumTotalOpen": 0.0,
          "sumTotalReceived": 0.0,
          "sumTotalStopRate": 0.0,
          "sumTotalOpenFinalHits": 0.0,
          "sumTotalPercentageHits": 0.0
        },
        {
          "businessUnit": "WIRES",
          "buName": null,
          "totalReceived": 122.0,
          "totalNoHits": 0,
          "totalHits": 122,
          "totalPercentageHits": 6.61,
          "totalOpen": 806.0,
          "totalOpenFinalHits": 806.0,
          "dashboardType": null,
          "totalStopRate": 100.0,
          "sumTotalNoHits": 0,
          "sumTotalHits": 0,
          "sumTotalOpen": 0.0,
          "sumTotalReceived": 0.0,
          "sumTotalStopRate": 0.0,
          "sumTotalOpenFinalHits": 0.0,
          "sumTotalPercentageHits": 0.0
        },
        {
          "businessUnit": "WIRES FG",
          "buName": null,
          "totalReceived": 122.0,
          "totalNoHits": 0,
          "totalHits": 122,
          "totalPercentageHits": 6.61,
          "totalOpen": 806.0,
          "totalOpenFinalHits": 806.0,
          "dashboardType": null,
          "totalStopRate": 100.0,
          "sumTotalNoHits": 0,
          "sumTotalHits": 0,
          "sumTotalOpen": 0.0,
          "sumTotalReceived": 0.0,
          "sumTotalStopRate": 0.0,
          "sumTotalOpenFinalHits": 0.0,
          "sumTotalPercentageHits": 0.0
        }
      ],
      "summaryTotal": {
        "businessUnit": null,
        "buName": null,
        "totalReceived": 0.0,
        "totalNoHits": 0,
        "totalHits": 0,
        "totalPercentageHits": 0.0,
        "totalOpen": 0.0,
        "totalOpenFinalHits": 0.0,
        "dashboardType": null,
        "totalStopRate": 0.0,
        "sumTotalNoHits": 1099,
        "sumTotalHits": 859,
        "sumTotalOpen": 5635.0,
        "sumTotalReceived": 1958.0,
        "sumTotalStopRate": 586.29,
        "sumTotalOpenFinalHits": 5649.0,
        "sumTotalPercentageHits": 47.32
      }
    }
  ],
  "metadata": {
    "uIComponentID": "DASHBOARD_SUMMARY",
    "dataCount": 14,
    "status": "Success",
    "errorMsg": null
  }
}
