{
  "data": [
    {
      "jobId": 821,
      "fileName": "KZ_GWL_20190508.101456.kz",
      "startDate": "2019-05-10 14:44:13",
      "endDate": "2019-05-10 14:53:00",
      "status": "Completed"
    },
    {
      "jobId": 801,
      "fileName": "KZ_GWL_20190508.101544.kz",
      "startDate": "2019-05-08 10:19:14",
      "endDate": "2019-05-08 11:28:47",
      "status": "Completed"
    },
    {
      "jobId": 781,
      "fileName": "KZ_GWL_20190507.102053.kz",
      "startDate": "2019-05-07 10:24:11",
      "endDate": "2019-05-07 10:33:15",
      "status": "Completed"
    },
    {
      "jobId": 761,
      "fileName": "KZ_GWL_20190506.101524.kz",
      "startDate": "2019-05-06 10:19:19",
      "endDate": "2019-05-06 10:32:08",
      "status": "Completed"
    },
    {
      "jobId": 742,
      "fileName": "KZ_GWL_20190502.101629.kz",
      "startDate": "2019-05-02 21:13:10",
      "endDate": "2019-05-02 21:28:13",
      "status": "Completed"
    },
    {
      "jobId": 741,
      "fileName": "KZ_GWL_20190502.101617.kz",
      "startDate": "2019-05-02 21:01:16",
      "endDate": "2019-05-02 21:08:26",
      "status": "Completed"
    },
    {
      "jobId": 721,
      "fileName": "KZ_GWL_20190412.100541.kz",
      "startDate": "2019-04-13 09:16:11",
      "endDate": "2019-04-13 09:29:24",
      "status": "Completed"
    },
    {
      "jobId": 701,
      "fileName": "KZ_GWL_20190412.100541.kz",
      "startDate": "2019-04-12 14:06:18",
      "endDate": "",
      "status": "Inprogress"
    },
    {
      "jobId": 683,
      "fileName": "KZ_GWL_20190325.104935.kz",
      "startDate": "2019-03-25 10:53:12",
      "endDate": "2019-03-25 11:02:56",
      "status": "Completed"
    },
    {
      "jobId": 682,
      "fileName": "KZ_GWL_20190322.091808.kz",
      "startDate": "2019-03-25 09:51:10",
      "endDate": "2019-03-25 10:00:19",
      "status": "Completed"
    },
    {
      "jobId": 681,
      "fileName": "KZ_GWL_20190322.091808.kz",
      "startDate": "2019-03-25 08:40:17",
      "endDate": "2019-03-25 08:48:48",
      "status": "FOFTest Stopped"
    },
    {
      "jobId": 661,
      "fileName": "KZ_GWL_20190322.091808.kz",
      "startDate": "2019-03-22 14:47:15",
      "endDate": "2019-03-22 14:53:07",
      "status": "FOFTest Stopped"
    },
    {
      "jobId": 641,
      "fileName": "KZ_GWL_20190320.092835.kz",
      "startDate": "2019-03-21 11:41:13",
      "endDate": "2019-03-21 11:51:12",
      "status": "FOFTest Stopped"
    },
    {
      "jobId": 621,
      "fileName": "KZ_GWL_20190208.111712.kz",
      "startDate": "2019-02-12 04:41:12",
      "endDate": "2019-02-12 04:48:27",
      "status": "FOFTest Stopped"
    },
    {
      "jobId": 601,
      "fileName": "KZ_GWL_20190205.110133.kz",
      "startDate": "2019-02-05 11:05:11",
      "endDate": "2019-02-05 11:13:02",
      "status": "FOFTest Stopped"
    },
    {
      "jobId": 581,
      "fileName": "KZ_GWL_20190130.103835.kz",
      "startDate": "2019-02-02 12:05:31",
      "endDate": "2019-02-02 12:08:20",
      "status": "Completed"
    }
  ],
  "metadata": {
    "uIComponentID": "MANAGEMENT_DATA",
    "dataCount": 16,
    "status": "Success",
    "errorMsg": null
  }
}