{
  "data": [
    {
      "componentName": "Multiplexer",
      "status": "Failed",
      "activeStatus": "Enabled",
      "runningSince": "2018-12-05 09:10:06"
    },
    {
      "componentName": "Requester",
      "status": "Failed",
      "activeStatus": "Enabled",
      "runningSince": "2018-12-05 09:10:06"
    },
    {
      "componentName": "Stripping",
      "status": "Failed",
      "activeStatus": "Enabled",
      "runningSince": "2018-12-05 09:10:06"
    },
    {
      "componentName": "Pairing",
      "status": "Failed",
      "activeStatus": "Enabled",
      "runningSince": "2018-12-05 09:10:06"
    },
    {
      "componentName": "DBClient",
      "status": "Failed",
      "activeStatus": "Enabled",
      "runningSince": "2018-12-05 09:10:06"
    },
    {
      "componentName": "PEP +",
      "status": "Failed",
      "activeStatus": "Enabled",
      "runningSince": "2018-12-05 09:10:06"
    },
    {
      "componentName": "MQErrorQueue",
      "status": "Failed",
      "activeStatus": "Enabled",
      "runningSince": "2018-12-05 09:10:06"
    },
    {
      "componentName": "Pairing",
      "status": "Failed",
      "activeStatus": "Enabled",
      "runningSince": "2018-12-05 09:10:06"
    }
  ],
  "metadata": {
    "uIComponentID": "BACKEND_COMPONENT_SERVER_STATUS",
    "dataCount": 2,
    "status": "Success",
    "errorMsg": null
  }
}
