{
  "response": [
    {
      "data": [
        {
          "date": "2018-04-09T24:51:42+00:00",
          "businessUnit": "ACH GA",
          "messageReceived": 10,
          "messageWithNoHits": 10,
          "messageWithHits": 16,
          "totalHits": 10,
          "percentageOfHitRate": 40,
          "hitsPendingReview": 1
        },
        {
          "date": "2018-04-09T24:51:42+00:00",
          "businessUnit": "ACH",
          "messageReceived": 9,
          "messageWithNoHits": 14,
          "messageWithHits": 18,
          "totalHits": 20,
          "percentageOfHitRate": 30,
          "hitsPendingReview": 10
        },
        {
          "date": "2018-04-09T24:51:42+00:00",
          "businessUnit": "DI",
          "messageReceived": 3,
          "messageWithNoHits": 4,
          "messageWithHits": 8,
          "totalHits": 2,
          "percentageOfHitRate": 3,
          "hitsPendingReview": 1
        },
        {
          "date": "2018-04-09T24:51:42+00:00",
          "businessUnit": "RTP",
          "messageReceived": 13,
          "messageWithNoHits": 14,
          "messageWithHits": 18,
          "totalHits": 12,
          "percentageOfHitRate": 13,
          "hitsPendingReview": 11
        },
        {
          "date": "2018-04-09T24:51:42+00:00",
          "businessUnit": "IR",
          "messageReceived":21,
          "messageWithNoHits": 24,
          "messageWithHits": 28,
          "totalHits": 22,
          "percentageOfHitRate": 23,
          "hitsPendingReview": 21
        },
        {
          "date": "2018-04-09T24:51:42+00:00",
          "businessUnit": "DP",
          "messageReceived":31,
          "messageWithNoHits": 34,
          "messageWithHits": 38,
          "totalHits": 32,
          "percentageOfHitRate": 33,
          "hitsPendingReview": 11
        },
        {
          "date": "2018-04-09T24:51:42+00:00",
          "businessUnit": "GDS",
          "messageReceived":41,
          "messageWithNoHits": 34,
          "messageWithHits": 38,
          "totalHits": 42,
          "percentageOfHitRate": 13,
          "hitsPendingReview": 10
        }
      ],
      "metadata": {
        "uIComponentID": "DAILY_OVERALL_SUMMARY",
        "dataCount": 3,
        "status": "Success",
        "errorMsg": []
      }
    },
    {
      "data": [
        {
          "messageReceived":40,
          "messageWithNoHits": 20,
          "messageWithHits": 68,
          "totalHits": 42,
          "percentageOfHitRate": 100,
          "hitsPendingReview": 28
        }
      ],
      "metadata": {
        "uIComponentID": "DAILY_OVERALL_SUMMARY_BAR_CHART",
        "dataCount": 2,
        "status": "Success",
        "errorMsg": []
      }
    },
    {
      "data": [
        {
          "date": "2018-04-09T24:51:42+00:00",
          "businessUnit": "ACH GA",
          "state": "Half Failed",
          "totalReceived": 10,
          "totalNoHits": 0,
          "totalHits": 10,
          "totalPercentageHits": 100,
          "totalOpen": 5,
          "totalOpen1to7Days": 5,
          "totalOpen7to14Days" : 6,
          "totalOpenGT14Days" : 8
        },
        {
          "date": "2018-04-09T24:51:42+00:00",
          "businessUnit": "ACH",
          "state": "Half Passed",
          "totalReceived": 30,
          "totalNoHits": 0,
          "totalHits": 30,
          "totalPercentageHits": 90,
          "totalOpen": 4,
          "totalOpen1to7Days": 5,
          "totalOpen7to14Days" : 6,
          "totalOpenGT14Days" : 8
        },
        {
          "date": "2018-04-09T24:51:42+00:00",
          "businessUnit": "DI",
          "state": "Half Passed",
          "totalReceived": 20,
          "totalNoHits": 0,
          "totalHits": 20,
          "totalPercentageHits": 80,
          "totalOpen": 1,
          "totalOpen1to7Days": 5,
          "totalOpen7to14Days" : 6,
          "totalOpenGT14Days" : 8
        },
        {
          "date": "2018-04-09T24:51:42+00:00",
          "businessUnit": "ICS",
          "state": "Half Passed",
          "totalReceived": 20,
          "totalNoHits": 9,
          "totalHits": 11,
          "totalPercentageHits": 100,
          "totalOpen": 7,
          "totalOpen1to7Days": 8,
          "totalOpen7to14Days" : 5,
          "totalOpenGT14Days" : 9
        },
        {
          "date": "2018-04-09T24:51:42+00:00",
          "businessUnit": "WMIS",
          "state": "Half Passed",
          "totalReceived":40,
          "totalNoHits": 20,
          "totalHits": 10,
          "totalPercentageHits": 90,
          "totalOpen": 5,
          "totalOpen1to7Days": 5,
          "totalOpen7to14Days" : 6,
          "totalOpenGT14Days" : 8
        },
        {
          "date": "2018-04-09T24:51:42+00:00",
          "businessUnit": "FX",
          "state": "Half Passed",
          "totalReceived": 40,
          "totalNoHits": 10,
          "totalHits": 26,
          "totalPercentageHits": 80,
          "totalOpen": 7,
          "totalOpen1to7Days": 3,
          "totalOpen7to14Days" : 5,
          "totalOpenGT14Days" : 5
        },
        {
          "date": "2018-04-09T24:51:42+00:00",
          "businessUnit": "GDS",
          "state": "Half Passed",
          "totalReceived": 20,
          "totalNoHits": 5,
          "totalHits": 23,
          "totalPercentageHits": 100,
          "totalOpen": 6,
          "totalOpen1to7Days": 7,
          "totalOpen7to14Days" : 1,
          "totalOpenGT14Days" : 5
        },
        {
          "date": "2018-04-09T24:51:42+00:00",
          "businessUnit": "DP",
          "state": "Half Passed",
          "totalReceived": 30,
          "totalNoHits": 2,
          "totalHits": 3,
          "totalPercentageHits": 80,
          "totalOpen": 5,
          "totalOpen1to7Days": 7,
          "totalOpen7to14Days" : 8,
          "totalOpenGT14Days" : 4
        },
        {
          "date": "2018-04-09T24:51:42+00:00",
          "businessUnit": "IR",
          "state": "Half Passed",
          "totalReceived": 10,
          "totalNoHits": 0,
          "totalHits": 30,
          "totalPercentageHits": 80,
          "totalOpen": 3,
          "totalOpen1to7Days": 4,
          "totalOpen7to14Days" : 5,
          "totalOpenGT14Days" : 6
        }
      ],
      "metadata": {
        "uIComponentID": "DAILY_SUMMARY_BY_BUSINESS_UNIT_VIEW",
        "dataCount": 4,
        "status": "Success",
        "errorMsg": []
      }
    },
    {
      "data": [
        {
          "fileName": "HYG",
          "fileUploadStartDateTime": "2018-04-09T24:51:42+00:00",
          "fileUploadEndDateTime": "2018-04-09T24:51:42+00:00",
          "result": "Passed"
        }

      ],
      "metadata": {
        "uIComponentID": "LIST_MANAGEMENT",
        "dataCount": 1,
        "status": "Success",
        "errorMsg": []
      }
    },
    {
      "data": [
        {
          "fileName": "BTT",
          "fileUploadStartDateTime": "2018-04-09T24:51:42+00:00",
          "fileUploadEndDateTime": "2018-04-09T24:51:42+00:00",
          "result": "Failed"
        }
      ],
      "metadata": {
        "uIComponentID": "LIST_MANAGEMENT_KZ",
        "dataCount": 1,
        "status": "Success",
        "errorMsg": []
      }
    },
    {
      "data": [
        {
          "componentName": "Log Search",
          "businessUnit": "ACH",
          "lastStartDateTime": "2018-04-09T24:51:42+00:00",
          "lastStopDateTime": "2018-04-09T24:51:42+00:00",
          "hostName":"WV-MN14GLAE607W"
        },
        {
          "componentName": "Rescan",
          "businessUnit": "DI",
          "lastStartDateTime": "2018-04-09T24:51:42+00:00",
          "lastStopDateTime": "2018-04-09T24:51:42+00:00",
          "hostName":"WV-MN14GLAE607W"
        },
        {
          "componentName": "SLA Report",
          "businessUnit": "RTP",
          "lastStartDateTime": "2018-04-09T24:51:42+00:00",
          "lastStopDateTime": "2018-04-09T24:51:42+00:00",
          "hostName":"WV-MN14GLAE607W"
        },
        {
          "componentName": "Log Search",
          "businessUnit": "ACH",
          "lastStartDateTime": "2018-04-09T24:51:42+00:00",
          "lastStopDateTime": "2018-04-09T24:51:42+00:00",
          "hostName":"WV-MN14GLAE607W"
        },
        {
          "componentName": "Rescan",
          "businessUnit": "DI",
          "lastStartDateTime": "2018-04-09T24:51:42+00:00",
          "lastStopDateTime": "2018-04-09T24:51:42+00:00",
          "hostName":"WV-MN14GLAE607W"
        },
        {
          "componentName": "SLA Report",
          "businessUnit": "RTP",
          "lastStartDateTime": "2018-04-09T24:51:42+00:00",
          "lastStopDateTime": "2018-04-09T24:51:42+00:00",
          "hostName":"WV-MN14GLAE607W"
        },
        {
          "componentName": "Log Search",
          "businessUnit": "ACH",
          "lastStartDateTime": "2018-04-09T24:51:42+00:00",
          "lastStopDateTime": "2018-04-09T24:51:42+00:00",
          "hostName":"WV-MN14GLAE607W"
        },
        {
          "componentName": "Rescan",
          "businessUnit": "DI",
          "lastStartDateTime": "2018-04-09T24:51:42+00:00",
          "lastStopDateTime": "2018-04-09T24:51:42+00:00",
          "hostName":"WV-MN14GLAE607W"
        },
        {
          "componentName": "SLA Report",
          "businessUnit": "RTP",
          "lastStartDateTime": "2018-04-09T24:51:42+00:00",
          "lastStopDateTime": "2018-04-09T24:51:42+00:00",
          "hostName":"WV-MN14GLAE607W"
        }
      ],
      "metadata": {
        "uIComponentID": "PROD_COMPONENTS_STATUS",
        "dataCount": 3,
        "status": "Success",
        "errorMsg": []
      }
    },
    {
      "data": [
        {
          "componentName": "Log Search",
          "businessUnit": "ACH",
          "minutes5": "Passed",
          "minutes15": "Passed",
          "minutes60": "Failed",
          "hostName":"WV-MN14GLAE607W"
        },
        {
          "componentName": "Rescan",
          "businessUnit": "DI",
          "minutes5": "Passed",
          "minutes15": "Failed",
          "minutes60": "Failed",
          "hostName":"WV-MN14GLAE607W"
        },
        {
          "componentName": "SLA Report",
          "businessUnit": "RTP",
          "minutes5": "Passed",
          "minutes15": "Passed",
          "minutes60": "Failed",
          "hostName":"WV-MN14GLAE607W"
        },
        {
          "componentName": "Performance Report",
          "businessUnit": "RTP",
          "minutes5": "Failed",
          "minutes15": "Failed",
          "minutes60": "Failed",
          "hostName":"WV-MN14GLAE607W"
        },
        {
          "componentName": "Log Search",
          "businessUnit": "ACH",
          "minutes5": "Passed",
          "minutes15": "Passed",
          "minutes60": "Failed",
          "hostName":"WV-MN14GLAE607W"
        },
        {
          "componentName": "Rescan",
          "businessUnit": "DI",
          "minutes5": "Passed",
          "minutes15": "Failed",
          "minutes60": "Failed",
          "hostName":"WV-MN14GLAE607W"
        },
        {
          "componentName": "SLA Report",
          "businessUnit": "RTP",
          "minutes5": "Passed",
          "minutes15": "Passed",
          "minutes60": "Failed",
          "hostName":"WV-MN14GLAE607W"
        },
        {
          "componentName": "Performance Report",
          "businessUnit": "RTP",
          "minutes5": "Failed",
          "minutes15": "Failed",
          "minutes60": "Failed",
          "hostName":"WV-MN14GLAE607W"
        }
      ],
      "metadata": {
        "uIComponentID": "PROD_LOG_COUNT",
        "dataCount": 3,
        "status": "Success",
        "errorMsg": []
      }
    },
    {
      "data": [
        {
          "businessUnit": "ACH",
          "format": "XML",
          "requestCount": "2",
          "responseCount": "5",
          "fufCount": "7"
        },
        {
          "businessUnit": "DI",
          "format": "Rescan",
          "requestCount": "1",
          "responseCount": "2",
          "fufCount": "3"
        },
        {
          "businessUnit": "RTP",
          "format": "Rescan",
          "requestCount": "3",
          "responseCount": "2",
          "fufCount": "5"
        },
        {
          "businessUnit": "ACH",
          "format": "XML",
          "requestCount": "2",
          "responseCount": "5",
          "fufCount": "7"
        },
        {
          "businessUnit": "DI",
          "format": "Rescan",
          "requestCount": "1",
          "responseCount": "2",
          "fufCount": "3"
        },
        {
          "businessUnit": "RTP",
          "format": "Rescan",
          "requestCount": "3",
          "responseCount": "2",
          "fufCount": "5"
        },
        {
          "businessUnit": "ACH",
          "format": "XML",
          "requestCount": "2",
          "responseCount": "5",
          "fufCount": "7"
        },
        {
          "businessUnit": "DI",
          "format": "Rescan",
          "requestCount": "1",
          "responseCount": "2",
          "fufCount": "3"
        },
        {
          "businessUnit": "RTP",
          "format": "Rescan",
          "requestCount": "3",
          "responseCount": "2",
          "fufCount": "5"
        }
      ],
      "metadata": {
        "uIComponentID": "PROD_AUDIT_DATA_SUMMARY_INTRADAY",
        "dataCount": 3,
        "status": "Success",
        "errorMsg": []
      }
    },
    {
      "data": [
        {
          "businessUnit": "ACH",
          "format": "XML",
          "minutes5": "Passed",
          "minutes15": "Passed",
          "minutes60": "Passed"
        },
        {
          "businessUnit": "DI",
          "format": "Rescan",
          "minutes5": "Passed",
          "minutes15": "Failed",
          "minutes60": "Failed"
        },
        {
          "businessUnit": "RTP",
          "format": "Rescan",
          "minutes5": "Failed",
          "minutes15": "Passed",
          "minutes60": "Failed"
        },
        {
          "businessUnit": "ACH",
          "format": "XML",
          "minutes5": "Passed",
          "minutes15": "Passed",
          "minutes60": "Passed"
        },
        {
          "businessUnit": "DI",
          "format": "Rescan",
          "minutes5": "Passed",
          "minutes15": "Failed",
          "minutes60": "Failed"
        },
        {
          "businessUnit": "RTP",
          "format": "Rescan",
          "minutes5": "Failed",
          "minutes15": "Passed",
          "minutes60": "Failed"
        },
        {
          "businessUnit": "ACH",
          "format": "XML",
          "minutes5": "Passed",
          "minutes15": "Passed",
          "minutes60": "Passed"
        },
        {
          "businessUnit": "DI",
          "format": "Rescan",
          "minutes5": "Passed",
          "minutes15": "Failed",
          "minutes60": "Failed"
        },
        {
          "businessUnit": "RTP",
          "format": "Rescan",
          "minutes5": "Failed",
          "minutes15": "Passed",
          "minutes60": "Failed"
        }
      ],
      "metadata": {
        "uIComponentID": "PROD_AUDIT_DATA_REQUEST_COUNT",
        "dataCount": 3,
        "status": "Success",
        "errorMsg": []
      }
    },
    {
      "data": [
        {
          "date": "2018-04-09T24:51:42+00:00",
          "businessUnit": "ACH",
          "messageReceived":40,
          "messageWithNoHits": 60,
          "messageWithHits": 78,
          "totalHits": 42,
          "percentageOfHitRate": 100,
          "hitsPendingReview": 38
        }
      ],
      "metadata": {
        "uIComponentID": "BUSINESS_USER",
        "dataCount": 1,
        "status": "Success",
        "errorMsg": []
      }
    }
  ],
  "metadata": {
    "uIComponentID": "WIRES_DASHBOARD",
    "dataCount": 2,
    "status": "Success",
    "errorMsg": []
  }
}
