{
  "data": [
    {
      "businessType": "ACH",
      "format": "Rescan",
      "createdBy": "C039405",
      "updatedBy": null,
      "active": "Active",
      "uiComponentID": null,
      "hitRateMin": 0.1,
      "hitRateMax": 2.8,
      "dataDays": 5,
      "fofDataConfigId": 92,
      "updatedDate": null,
      "createdDate": 1540538761075,
      "randomSampleSizeIsActive": "Active",
      "randomSampleSizePerDay": 2000
    },
    {
      "businessType": "ACH GA",
      "format": "MQErrorQueue",
      "createdBy": "C039405",
      "updatedBy": "C039405",
      "active": "Inactive",
      "uiComponentID": null,
      "hitRateMin": 0.1,
      "hitRateMax": 2.8,
      "dataDays": 5,
      "fofDataConfigId": 88,
      "updatedDate": 1540537065210,
      "createdDate": 1540535116488,
      "randomSampleSizeIsActive": "Active",
      "randomSampleSizePerDay": 2500
    },
    {
      "businessType": "CDIRA",
      "format": "GoldenData",
      "createdBy": "C039405",
      "updatedBy": null,
      "active": "Active",
      "uiComponentID": null,
      "hitRateMin": 1,
      "hitRateMax": 2.8,
      "dataDays": 7,
      "fofDataConfigId": 91,
      "updatedDate": null,
      "createdDate": 1540537065279,
      "randomSampleSizeIsActive": "Inactive",
      "randomSampleSizePerDay": 1000
    }
  ],
  "metadata": {
    "uIComponentID": "FOFTEST_DATA_CONFIG",
    "dataCount": 3,
    "status": "Success",
    "errorMsg": null
  }
}
