{
  "data": [
    {
      "userId": 1985,
      "buId": 861,
      "firstName": "Wayne",
      "lastName": "Thompson",
      "networkId": "wethomp",
      "email": "wayne.thompson@usbank.com",
      "active": "Active"
    },
    {
      "userId": 1984,
      "buId": 861,
      "firstName": "Dean",
      "lastName": "Stallons",
      "networkId": "dtstall",
      "email": "dean.stallons2@usbank.com",
      "active": "Active"
    },
    {
      "userId": 1982,
      "buId": 861,
      "firstName": "Ciara",
      "lastName": "Hutton",
      "networkId": "cxhutto",
      "email": "ciara.hutton@usbank.com",
      "active": "Active"
    },
    {
      "userId": 1983,
      "buId": 861,
      "firstName": "Xiomara",
      "lastName": "Figueroa Siliuto",
      "networkId": "xxfigue",
      "email": "xiomara.figueroasiliuto@usbank.com",
      "active": "Active"
    },
    {
      "userId": 1981,
      "buId": 861,
      "firstName": "Chrissy",
      "lastName": "Singh",
      "networkId": "acsingh",
      "email": "chrissy.singh@usbank.com",
      "active": "Active"
    },
    {
      "userId": 1077,
      "buId": 861,
      "firstName": "Vivek",
      "lastName": "Tiwari",
      "networkId": "c039989",
      "email": "vivek.tiwari@usbank.com",
      "active": "Active"
    },
    {
      "userId": 1062,
      "buId": 861,
      "firstName": "Manish",
      "lastName": "Lalwani",
      "networkId": "c031355",
      "email": "manishkumar.lalwani@usbank.com",
      "active": "Active"
    },
    {
      "userId": 1921,
      "buId": 861,
      "firstName": "Vi",
      "lastName": "Huynh",
      "networkId": "vmhuynh",
      "email": "vi.huynh@usbank.com",
      "active": "Active"
    },
    {
      "userId": 1327,
      "buId": 861,
      "firstName": "Anjana",
      "lastName": "Honnavar",
      "networkId": "avhonna",
      "email": "anjana.honnavar@usbank.com",
      "active": "Active"
    },
    {
      "userId": 1001,
      "buId": 861,
      "firstName": "Srinivasa",
      "lastName": "Boddapati",
      "networkId": "c038256",
      "email": "srinivasarao.boddapati@usbank.com",
      "active": "Active"
    },
    {
      "userId": 1121,
      "buId": 861,
      "firstName": "Arya",
      "lastName": "Poovannumvilayil antony",
      "networkId": "axpoova",
      "email": "arya.poovannumvilayilantony@usbank.com",
      "active": "Active"
    },
    {
      "userId": 1065,
      "buId": 861,
      "firstName": "Varun",
      "lastName": "Verma",
      "networkId": "c043546",
      "email": "varun.verma1@usbank.com",
      "active": "Active"
    },
    {
      "userId": 1962,
      "buId": 861,
      "firstName": "Tyrone",
      "lastName": "Sunde",
      "networkId": "tjsunde",
      "email": "tyrone.sunde@usbank.com",
      "active": "Active"
    },
    {
      "userId": 1761,
      "buId": 861,
      "firstName": "Gaurav",
      "lastName": "Srivastava",
      "networkId": "c043393",
      "email": "gaurav.srivastava@usbank.com",
      "active": "Active"
    },
    {
      "userId": 1961,
      "buId": 861,
      "firstName": "Christopher",
      "lastName": "Morris",
      "networkId": "chmorr1",
      "email": "christopher.morris1@usbank.com",
      "active": "Active"
    },
    {
      "userId": 1363,
      "buId": 861,
      "firstName": "Sumaira",
      "lastName": "Akbar",
      "networkId": "c039799",
      "email": "sumairasajad.akbar@usbank.com",
      "active": "Active"
    },
    {
      "userId": 1964,
      "buId": 861,
      "firstName": "Christopher",
      "lastName": "Glendening",
      "networkId": "cjglend",
      "email": "christopher.glendening@usbank.com",
      "active": "Active"
    },
    {
      "userId": 1965,
      "buId": 861,
      "firstName": "Ana",
      "lastName": "Maya",
      "networkId": "almayar",
      "email": "ana.maya@usbank.com",
      "active": "Active"
    },
    {
      "userId": 1966,
      "buId": 861,
      "firstName": "Oleg",
      "lastName": "Ostanniy",
      "networkId": "oxostan",
      "email": "oleg.ostanniy@usbank.com",
      "active": "Active"
    },
    {
      "userId": 1967,
      "buId": 861,
      "firstName": "Alyssa",
      "lastName": "Pedersen",
      "networkId": "arpede1",
      "email": "alyssa.pedersen@usbank.com",
      "active": "Active"
    },
    {
      "userId": 1968,
      "buId": 861,
      "firstName": "Brian",
      "lastName": "Moore",
      "networkId": "bpmoore",
      "email": "brian.moore@usbank.com",
      "active": "Active"
    },
    {
      "userId": 1969,
      "buId": 861,
      "firstName": "Erick",
      "lastName": "Burkett",
      "networkId": "eaburk1",
      "email": "erick.burkett@usbank.com",
      "active": "Active"
    },
    {
      "userId": 1970,
      "buId": 861,
      "firstName": "Rachael",
      "lastName": "Main",
      "networkId": "ramain",
      "email": "rachael.main@usbank.com",
      "active": "Active"
    },
    {
      "userId": 1971,
      "buId": 861,
      "firstName": "Melinda",
      "lastName": "Fischer",
      "networkId": "mcfisch",
      "email": "melinda.fischer@usbank.com",
      "active": "Active"
    },
    {
      "userId": 1972,
      "buId": 861,
      "firstName": "Megan",
      "lastName": "Koester Nichols",
      "networkId": "mekoes1",
      "email": "megan.koester@usbank.com",
      "active": "Active"
    },
    {
      "userId": 1973,
      "buId": 861,
      "firstName": "Lawrence",
      "lastName": "Villalovos",
      "networkId": "ldvill1",
      "email": "lawrence.villalovos@usbank.com",
      "active": "Active"
    },
    {
      "userId": 1974,
      "buId": 861,
      "firstName": "Brian",
      "lastName": "Phoenix",
      "networkId": "brphoen",
      "email": "brian.phoenix1@usbank.com",
      "active": "Active"
    },
    {
      "userId": 1975,
      "buId": 861,
      "firstName": "Melissa",
      "lastName": "Childers",
      "networkId": "mxchil1",
      "email": "melissa.childers@usbank.com",
      "active": "Active"
    },
    {
      "userId": 2021,
      "buId": 861,
      "firstName": "Dustin",
      "lastName": "Wallace",
      "networkId": "dtwall1",
      "email": "dustin.wallace@usbank.com",
      "active": "Active"
    },
    {
      "userId": 2061,
      "buId": 861,
      "firstName": "Amol Laxmikant",
      "lastName": "Pathak",
      "networkId": "c046327",
      "email": "amollaxmikant.pathak2@usbank.com",
      "active": "Active"
    },
    {
      "userId": 261,
      "buId": 861,
      "firstName": "Shioshankar",
      "lastName": "Malewar",
      "networkId": "sgmalew",
      "email": "shioshankar.malewar1@usbank.com",
      "active": "Active"
    },
    {
      "userId": 1022,
      "buId": 861,
      "firstName": "Muthu",
      "lastName": "Selvam",
      "networkId": "c039405",
      "email": "Muthu.selvam1@usbank.com",
      "active": "Active"
    },
    {
      "userId": 1023,
      "buId": 861,
      "firstName": "Akeel",
      "lastName": "Ahmad",
      "networkId": "c037810",
      "email": "akeel.ahmad@usbank.com",
      "active": "Active"
    },
    {
      "userId": 1026,
      "buId": 861,
      "firstName": "Shivakant",
      "lastName": "Rai",
      "networkId": "c038416",
      "email": "shivakant.rai@usbank.com",
      "active": "Active"
    },
    {
      "userId": 1721,
      "buId": 861,
      "firstName": "Ashwin",
      "lastName": "Shah",
      "networkId": "c042829",
      "email": "ashwin.shah@usbank.com",
      "active": "Active"
    },
    {
      "userId": 1741,
      "buId": 861,
      "firstName": "Subha",
      "lastName": "Singaram",
      "networkId": "sxsin13",
      "email": "subha.singaram@usbank.com",
      "active": "Active"
    },
    {
      "userId": 1641,
      "buId": 861,
      "firstName": "Deepthi",
      "lastName": "Chaturvedi",
      "networkId": "dxchatu",
      "email": "deepthi.chaturvedi@usbank.com",
      "active": "Active"
    },
    {
      "userId": 1074,
      "buId": 861,
      "firstName": "Janelle",
      "lastName": "Waters",
      "networkId": "jbwater",
      "email": "janelle.waters@usbank.com",
      "active": "Active"
    },
    {
      "userId": 1072,
      "buId": 861,
      "firstName": "Geetanjali",
      "lastName": "Sahu",
      "networkId": "c039699",
      "email": "geetanjali.sahu1@usbank.com",
      "active": "Active"
    },
    {
      "userId": 1070,
      "buId": 861,
      "firstName": "Anuradha",
      "lastName": "Karakoti",
      "networkId": "c040597",
      "email": "anuradha.karakoti@usbank.com",
      "active": "Active"
    },
    {
      "userId": 1069,
      "buId": 861,
      "firstName": "Ravi",
      "lastName": "Gundiyal",
      "networkId": "c029095",
      "email": "ravi.gundiyal1@usbank.com",
      "active": "Active"
    },
    {
      "userId": 1067,
      "buId": 861,
      "firstName": "Rakeshkumar",
      "lastName": "Dhandode",
      "networkId": "c039717",
      "email": "rakeshkumar.dhandode@usbank.com",
      "active": "Active"
    },
    {
      "userId": 1901,
      "buId": 861,
      "firstName": "Nilesh",
      "lastName": "Kumar",
      "networkId": "c042582",
      "email": "nilesh.kumar@usbank.com",
      "active": "Active"
    },
    {
      "userId": 1041,
      "buId": 861,
      "firstName": "Jaya",
      "lastName": "Naik",
      "networkId": "jsnaik",
      "email": "jaya.naik@usbank.com",
      "active": "Active"
    },
    {
      "userId": 1963,
      "buId": 861,
      "firstName": "Donnette",
      "lastName": "Reid",
      "networkId": "dlreid",
      "email": "donnette.reid@usbank.com",
      "active": "Active"
    }
  ],
  "metadata": {
    "uIComponentID": "DASHBOARD_USER_SEARCH",
    "dataCount": 45,
    "status": "Success",
    "errorMsg": null
  }
}