{
  "data": [
    {
      "referenceId": null,
      "buName": null,
      "operatorId": "Operator1",
      "messageType": null,
      "transactionType": null,
      "initialStatusDate": null,
      "remidiationStatusId": null,
      "remidiationStatus": null,
      "remidiationDate": null,
      "startDateTime": null,
      "endDateTime": null
    },
    {
      "referenceId": null,
      "buName": null,
      "operatorId": "Operator1",
      "messageType": null,
      "transactionType": null,
      "initialStatusDate": null,
      "remidiationStatusId": null,
      "remidiationStatus": null,
      "remidiationDate": null,
      "startDateTime": null,
      "endDateTime": null
    }
  ],
  "metadata": {
    "uIComponentID": "REPORT_OPERATORS",
    "dataCount": 2,
    "status": "Success",
    "errorMsg": null
  }
}
