{
  "data": [
    {
      "referenceId": null,
      "buName": null,
      "operatorId": null,
      "messageType": null,
      "transactionType": null,
      "initialStatusDate": null,
      "remidiationStatusId": "200",
      "remidiationStatus": "USB_PASS1",
      "remidiationDate": null,
      "startDateTime": null,
      "endDateTime": null
    },
    {
      "referenceId": null,
      "buName": null,
      "operatorId": null,
      "messageType": null,
      "transactionType": null,
      "initialStatusDate": null,
      "remidiationStatusId": "201",
      "remidiationStatus": "USB_PASS2",
      "remidiationDate": null,
      "startDateTime": null,
      "endDateTime": null
    }
  ],
  "metadata": {
    "uIComponentID": "REPORT_REMIDIATION_STATUS",
    "dataCount": 1,
    "status": "Success",
    "errorMsg": null
  }
}
