{
    "data": [
        {
            "customerDetails": {
                "name": "PAUL S AGABAO",
                "altName": null,
                "occupation": "RETIRED",
                "nationality": "UNITED STATES OF AMERICA",
                "dob": "07091936"
            },
            "customerIds": {
                "ssnOrTin": "237452719"
            },
            "custometContact": {
                "address1": "500 N 7TH ST, PLATTSBURG, MO, 644771387",
                "address2": "",
                "address3": "",
                "address4": "",
                "workPhone": "816 539-6465",
                "homePhone": "816 539-3844",
                "contactPhone": null,
                "mobilePhone": null
            },
            "customerUsbRelationship": {
                "bankIdNo": "0654",
                "productNo": "001",
                "accountNo": "993981731341887",
                "branhcCostCtr": "00836086482538648",
                "kycName": null
            },
            "customerNonUSACitizenCountries": {
                "nonUsaCitizenCntry1": null,
                "nonUsaCitizenCntry2": null,
                "nonUsaCitizenCntry3": null,
                "nonUsaCitizenCntry4": null,
                "nonUsaCitizenCntry5": null,
                "cntryOfPrimaryRes": null,
                "cntryOfAddRes1": null,
                "cntryOfAddRes2": null,
                "cntryOfAddRes3": null,
                "cntryOfAddRes4": null,
                "cntryOfAddRes5": null
            },
            "customerAdditionalInfo": {
                "dateEst": null,
                "g": null,
                "isdlic": "MOQ368658137",
                "isnaid": null,
                "iscdla": null,
                "ismlid": null,
                "ispasp": null,
                "israid": null,
                "isvisa": null,
                "isainc": null,
                "isaorg": null,
                "isfainc": null,
                "isfaorg": null,
                "labels": "COIDDATEBUSESTLEGALENTITYBRANCHIDCOSTCENTERAINCAORGFAINCFAORGPEPBOWPCT",
                "prowLabels2": "000CUSTTYPEIBOPCT",
                "tc": "D",
                "ibo": "000",
                "usa": null
            }
        },
        {
            "customerDetails": {
                "name": "RAJ MUTHU",
                "altName": null,
                "occupation": "RETIRED",
                "nationality": "UNITED STATES OF AMERICA",
                "dob": "07091936"
            },
            "customerIds": {
                "ssnOrTin": "237452719"
            },
            "custometContact": {
                "address1": "500 N 7TH ST, PLATTSBURG, MO, 644771387",
                "address2": "",
                "address3": "",
                "address4": "",
                "workPhone": "816 539-6465",
                "homePhone": "816 539-3844",
                "contactPhone": null,
                "mobilePhone": null
            },
            "customerUsbRelationship": {
                "bankIdNo": "0654",
                "productNo": "001",
                "accountNo": "993981731341887",
                "branhcCostCtr": "00836086482538648",
                "kycName": null
            },
            "customerNonUSACitizenCountries": {
                "nonUsaCitizenCntry1": null,
                "nonUsaCitizenCntry2": null,
                "nonUsaCitizenCntry3": null,
                "nonUsaCitizenCntry4": null,
                "nonUsaCitizenCntry5": null,
                "cntryOfPrimaryRes": null,
                "cntryOfAddRes1": null,
                "cntryOfAddRes2": null,
                "cntryOfAddRes3": null,
                "cntryOfAddRes4": null,
                "cntryOfAddRes5": null
            },
            "customerAdditionalInfo": {
                "dateEst": null,
                "g": null,
                "isdlic": "MOQ368658137",
                "isnaid": null,
                "iscdla": null,
                "ismlid": null,
                "ispasp": null,
                "israid": null,
                "isvisa": null,
                "isainc": null,
                "isaorg": null,
                "isfainc": null,
                "isfaorg": null,
                "labels": "COIDDATEBUSESTLEGALENTITYBRANCHIDCOSTCENTERAINCAORGFAINCFAORGPEPBOWPCT",
                "prowLabels2": "000CUSTTYPEIBOPCT",
                "tc": "D",
                "ibo": "000",
                "usa": null
            }
        }
    ],
    "metadata": {
        "uIComponentID": "RESEARCH_CUSTOMER_SEARCH",
        "dataCount": 1,
        "status": "Success",
        "errorMsg": null
    }
}