{
  "response": [
    {
      "data": [
        {
          "buRoleId": 542,
          "buRoleName": "ESS CoE Adjudicator",
          "active": "Active",
          "buId": 861,
          "createdDate": null,
          "createdBy": null,
          "lastUpdatedDate": null,
          "lastUpdatedBy": null,
          "buRoleFunctions": []
        },
        {
          "buRoleId": 541,
          "buRoleName": "ESS CoE Admin",
          "active": "Active",
          "buId": 861,
          "createdDate": null,
          "createdBy": null,
          "lastUpdatedDate": null,
          "lastUpdatedBy": null,
          "buRoleFunctions": []
        }
      ],
      "metadata": {
        "uIComponentID": "AUTHORIZATION_BU_ROLE",
        "dataCount": 2,
        "status": "Success",
        "errorMsg": null
      }
    },
    {
      "data": [
        {
          "functionId": 18,
          "functionName": "Production Report",
          "createdDate": 1542998836000,
          "createdBy": "rtss_dbrd",
          "lastUpdatedDate": null,
          "lastUpdatedBy": null,
          "active": "Active"
        },
        {
          "functionId": 19,
          "functionName": "Application Components",
          "createdDate": 1548434196000,
          "createdBy": "rtss_dbrd",
          "lastUpdatedDate": null,
          "lastUpdatedBy": null,
          "active": "Active"
        },
        {
          "functionId": 1,
          "functionName": "Application Configuration",
          "createdDate": 1539370111000,
          "createdBy": "C10000",
          "lastUpdatedDate": null,
          "lastUpdatedBy": null,
          "active": "Active"
        },
        {
          "functionId": 2,
          "functionName": "Manage BU Details",
          "createdDate": 1539370111000,
          "createdBy": "C10000",
          "lastUpdatedDate": null,
          "lastUpdatedBy": null,
          "active": "Active"
        },
        {
          "functionId": 3,
          "functionName": "Manage BU Role Screen",
          "createdDate": 1539370111000,
          "createdBy": "C10000",
          "lastUpdatedDate": null,
          "lastUpdatedBy": null,
          "active": "Active"
        },
        {
          "functionId": 4,
          "functionName": "Manage BU Function Screen",
          "createdDate": 1539370112000,
          "createdBy": "C10000",
          "lastUpdatedDate": null,
          "lastUpdatedBy": null,
          "active": "Active"
        },
        {
          "functionId": 5,
          "functionName": "Manage User Screen",
          "createdDate": 1539370112000,
          "createdBy": "C10000",
          "lastUpdatedDate": null,
          "lastUpdatedBy": null,
          "active": "Active"
        },
        {
          "functionId": 6,
          "functionName": "Manage User Role Screen",
          "createdDate": 1539370112000,
          "createdBy": "C10000",
          "lastUpdatedDate": null,
          "lastUpdatedBy": null,
          "active": "Active"
        },
        {
          "functionId": 7,
          "functionName": "Transaction Rescanning",
          "createdDate": 1539370112000,
          "createdBy": "C10000",
          "lastUpdatedDate": null,
          "lastUpdatedBy": null,
          "active": "Active"
        },
        {
          "functionId": 8,
          "functionName": "Log Search",
          "createdDate": 1539370112000,
          "createdBy": "C10000",
          "lastUpdatedDate": null,
          "lastUpdatedBy": null,
          "active": "Active"
        },
        {
          "functionId": 9,
          "functionName": "Create Rescan Request",
          "createdDate": 1539370112000,
          "createdBy": "C10000",
          "lastUpdatedDate": null,
          "lastUpdatedBy": null,
          "active": "Active"
        },
        {
          "functionId": 10,
          "functionName": "SLA Report",
          "createdDate": 1539370115000,
          "createdBy": "C10000",
          "lastUpdatedDate": null,
          "lastUpdatedBy": null,
          "active": "Active"
        },
        {
          "functionId": 11,
          "functionName": "Performance Management Report",
          "createdDate": 1539370115000,
          "createdBy": "C10000",
          "lastUpdatedDate": null,
          "lastUpdatedBy": null,
          "active": "Active"
        },
        {
          "functionId": 12,
          "functionName": "On Demand Reporting",
          "createdDate": 1539370116000,
          "createdBy": "C10000",
          "lastUpdatedDate": null,
          "lastUpdatedBy": null,
          "active": "Active"
        },
        {
          "functionId": 13,
          "functionName": "Home - Summary View",
          "createdDate": 1539370116000,
          "createdBy": "C10000",
          "lastUpdatedDate": null,
          "lastUpdatedBy": null,
          "active": "Active"
        },
        {
          "functionId": 14,
          "functionName": "Home - Aging Summary View",
          "createdDate": 1539370116000,
          "createdBy": "C10000",
          "lastUpdatedDate": null,
          "lastUpdatedBy": null,
          "active": "Active"
        },
        {
          "functionId": 15,
          "functionName": "Home - List Mgmt View",
          "createdDate": 1539370116000,
          "createdBy": "C10000",
          "lastUpdatedDate": null,
          "lastUpdatedBy": null,
          "active": "Active"
        },
        {
          "functionId": 16,
          "functionName": "Home - Prod Support View",
          "createdDate": 1539370116000,
          "createdBy": "C10000",
          "lastUpdatedDate": null,
          "lastUpdatedBy": null,
          "active": "Active"
        },
        {
          "functionId": 17,
          "functionName": "Fof Test Data Configuration",
          "createdDate": 1540842458000,
          "createdBy": "C10000",
          "lastUpdatedDate": null,
          "lastUpdatedBy": null,
          "active": "Active"
        }
      ],
      "metadata": {
        "uIComponentID": "DASHBOARD_BU_FUNCTION",
        "dataCount": 19,
        "status": "Success",
        "errorMsg": null
      }
    },
    {
      "data": [
        {
          "buId": 861,
          "buRoleId": 542,
          "buRoleName": "ESS CoE Adjudicator",
          "buFunctionId": 1164,
          "functionId": 0,
          "buFunctionName": "Application Components",
          "active": "Active",
          "uIComponentID": null
        },
        {
          "buId": 861,
          "buRoleId": 542,
          "buRoleName": "ESS CoE Adjudicator",
          "buFunctionId": 21,
          "functionId": 0,
          "buFunctionName": "Home - List Mgmt View",
          "active": "Active",
          "uIComponentID": null
        },
        {
          "buId": 861,
          "buRoleId": 542,
          "buRoleName": "ESS CoE Adjudicator",
          "buFunctionId": 20,
          "functionId": 0,
          "buFunctionName": "Home - Aging Summary View",
          "active": "Active",
          "uIComponentID": null
        },
        {
          "buId": 861,
          "buRoleId": 542,
          "buRoleName": "ESS CoE Adjudicator",
          "buFunctionId": 19,
          "functionId": 0,
          "buFunctionName": "Home - Summary View",
          "active": "Active",
          "uIComponentID": null
        },
        {
          "buId": 861,
          "buRoleId": 542,
          "buRoleName": "ESS CoE Adjudicator",
          "buFunctionId": 18,
          "functionId": 0,
          "buFunctionName": "On Demand Reporting",
          "active": "Active",
          "uIComponentID": null
        },
        {
          "buId": 861,
          "buRoleId": 542,
          "buRoleName": "ESS CoE Adjudicator",
          "buFunctionId": 17,
          "functionId": 0,
          "buFunctionName": "Performance Management Report",
          "active": "Active",
          "uIComponentID": null
        },
        {
          "buId": 861,
          "buRoleId": 542,
          "buRoleName": "ESS CoE Adjudicator",
          "buFunctionId": 22,
          "functionId": 0,
          "buFunctionName": "SLA Report",
          "active": "Active",
          "uIComponentID": null
        },
        {
          "buId": 861,
          "buRoleId": 541,
          "buRoleName": "ESS CoE Admin",
          "buFunctionId": 35,
          "functionId": 0,
          "buFunctionName": "Production Report",
          "active": "Active",
          "uIComponentID": null
        },
        {
          "buId": 861,
          "buRoleId": 541,
          "buRoleName": "ESS CoE Admin",
          "buFunctionId": 34,
          "functionId": 0,
          "buFunctionName": "Fof Test Data Configuration",
          "active": "Active",
          "uIComponentID": null
        },
        {
          "buId": 861,
          "buRoleId": 541,
          "buRoleName": "ESS CoE Admin",
          "buFunctionId": 13,
          "functionId": 0,
          "buFunctionName": "Home - List Mgmt View",
          "active": "Active",
          "uIComponentID": null
        },
        {
          "buId": 861,
          "buRoleId": 541,
          "buRoleName": "ESS CoE Admin",
          "buFunctionId": 12,
          "functionId": 0,
          "buFunctionName": "Home - Aging Summary View",
          "active": "Active",
          "uIComponentID": null
        },
        {
          "buId": 861,
          "buRoleId": 541,
          "buRoleName": "ESS CoE Admin",
          "buFunctionId": 11,
          "functionId": 0,
          "buFunctionName": "Home - Summary View",
          "active": "Active",
          "uIComponentID": null
        },
        {
          "buId": 861,
          "buRoleId": 541,
          "buRoleName": "ESS CoE Admin",
          "buFunctionId": 2,
          "functionId": 0,
          "buFunctionName": "On Demand Reporting",
          "active": "Active",
          "uIComponentID": null
        },
        {
          "buId": 861,
          "buRoleId": 541,
          "buRoleName": "ESS CoE Admin",
          "buFunctionId": 1,
          "functionId": 0,
          "buFunctionName": "Performance Management Report",
          "active": "Active",
          "uIComponentID": null
        },
        {
          "buId": 861,
          "buRoleId": 541,
          "buRoleName": "ESS CoE Admin",
          "buFunctionId": 14,
          "functionId": 0,
          "buFunctionName": "SLA Report",
          "active": "Active",
          "uIComponentID": null
        },
        {
          "buId": 861,
          "buRoleId": 541,
          "buRoleName": "ESS CoE Admin",
          "buFunctionId": 10,
          "functionId": 0,
          "buFunctionName": "Create Rescan Request",
          "active": "Active",
          "uIComponentID": null
        },
        {
          "buId": 861,
          "buRoleId": 541,
          "buRoleName": "ESS CoE Admin",
          "buFunctionId": 9,
          "functionId": 0,
          "buFunctionName": "Log Search",
          "active": "Active",
          "uIComponentID": null
        },
        {
          "buId": 861,
          "buRoleId": 541,
          "buRoleName": "ESS CoE Admin",
          "buFunctionId": 8,
          "functionId": 0,
          "buFunctionName": "Transaction Rescanning",
          "active": "Active",
          "uIComponentID": null
        },
        {
          "buId": 861,
          "buRoleId": 541,
          "buRoleName": "ESS CoE Admin",
          "buFunctionId": 7,
          "functionId": 0,
          "buFunctionName": "Manage User Role Screen",
          "active": "Active",
          "uIComponentID": null
        },
        {
          "buId": 861,
          "buRoleId": 541,
          "buRoleName": "ESS CoE Admin",
          "buFunctionId": 6,
          "functionId": 0,
          "buFunctionName": "Manage User Screen",
          "active": "Active",
          "uIComponentID": null
        },
        {
          "buId": 861,
          "buRoleId": 541,
          "buRoleName": "ESS CoE Admin",
          "buFunctionId": 5,
          "functionId": 0,
          "buFunctionName": "Manage BU Function Screen",
          "active": "Active",
          "uIComponentID": null
        },
        {
          "buId": 861,
          "buRoleId": 541,
          "buRoleName": "ESS CoE Admin",
          "buFunctionId": 4,
          "functionId": 0,
          "buFunctionName": "Manage BU Role Screen",
          "active": "Active",
          "uIComponentID": null
        },
        {
          "buId": 861,
          "buRoleId": 541,
          "buRoleName": "ESS CoE Admin",
          "buFunctionId": 3,
          "functionId": 0,
          "buFunctionName": "Manage BU Details",
          "active": "Active",
          "uIComponentID": null
        }
      ],
      "metadata": {
        "uIComponentID": "AUTHORIZATION_BU_FUNCTION",
        "dataCount": 23,
        "status": "Success",
        "errorMsg": null
      }
    }
  ],
  "metadata": {
    "uIComponentID": "METADATA",
    "dataCount": 3,
    "status": "Success",
    "errorMsg": null
  }
}