{
    "data": [
        {
            "autoSuspendPassConfigId": 42,
            "autoAction": "Pass",
            "status": "Enabled",
            "startCutoffTime": null,
            "endCutoffTime": null,
            "runFrequencyMins": 15,
            "isActive": "Active",
            "createdBy": "c039405",
            "createdDt": 1565189749528,
            "updatedBy": null,
            "updatedDt": null,
            "uIComponentID": null
        }
    ],
    "metadata": {
        "uIComponentID": "GET_AUTO_SUSPEND_PASS_CONFIG_INFO",
        "dataCount": 1,
        "status": "Success",
        "errorMsg": null
    }
}