{
  "data": [
    {
      "moduleName": "Batch",
      "moduleId": "1",
      "serverName": "VMAKSA69901EXN",
      "componentName": "MQErrorQueue",
      "serverStatus": "Enabled"
    },
    {
      "moduleName": "Batch",
      "moduleId": "1",
      "serverName": "VMAMN14GLBSDRQ",
      "componentName": "MQMonitoring",
      "serverStatus": "Disabled"
    },
    {
      "moduleName": "Backend",
      "moduleId": "2",
      "serverName": "VMAKSA69901EXH",
      "componentName": "Multiplexer",
      "serverStatus": "Enabled"
    },
    {
      "moduleName": "Backend",
      "moduleId": "2",
      "serverName": "VMAKSA69901EXJ",
      "componentName": "Requester",
      "serverStatus": "Disabled"
    },
    {
      "moduleName": "Backend",
      "moduleId": "2",
      "serverName": "VMAKSA69901EXL",
      "componentName": "Stripping",
      "serverStatus": "Enabled"
    },
    {
      "moduleName": "Backend",
      "moduleId": "2",
      "serverName": "VMAKSA69901EXM",
      "componentName": "Pairing",
      "serverStatus": "Disabled"
    },
    {
      "moduleName": "Backend",
      "moduleId": "2",
      "serverName": "VMAMN14GLBSDRL",
      "componentName": "DBClient",
      "serverStatus": "Disabled"
    },
    {
      "moduleName": "Backend",
      "moduleId": "2",
      "serverName": "VMAMN14GLBSDRM",
      "componentName": "PEP +",
      "serverStatus": "Disabled"
    },
    {
      "moduleName": "Backend",
      "moduleId": "2",
      "serverName": "VMAMN14GLBSDRN",
      "componentName": "PEP +",
      "serverStatus": "Enabled"
    },
    {
      "moduleName": "Backend",
      "moduleId": "2",
      "serverName": "VMAMN14GLBSDRP",
      "componentName": "PEP +",
      "serverStatus": "Disabled"
    }
  ],
  "metadata": {
    "uIComponentID": "GET_SERVER_COMPONENT_DETAILS",
    "dataCount": 10,
    "status": "Success",
    "errorMsg": null
  }
}