{
  "data": [
    {
      "componentId": 1,
      "componentName": "Multiplexer"
    },
    {
      "componentId": 2,
      "componentName": "Requester"
    },
    {
      "componentId": 3,
      "componentName": "Stripping"
    },
    {
      "componentId": 4,
      "componentName": "Pairing"
    },
    {
      "componentId": 5,
      "componentName": "DBClient"
    },
    {
      "componentId": 6,
      "componentName": "PEP +"
    },
    {
      "componentId": 7,
      "componentName": "MQErrorQueue"
    },
    {
      "componentId": 8,
      "componentName": "MQMonitoring"
    }
  ],
  "metadata": {
    "uIComponentID": "ADMIN_COMPONENT_APP_COMPONENT_NAME",
    "dataCount": 17,
    "status": "Success",
    "errorMsg": null
  }
}