{
  "data": [
    {
      "serverId": 1,
      "serverName": "VMAKSA69901EXH",
      "serverType": "PROD"
    },
    {
      "serverId": 2,
      "serverName": "VMAKSA69901EXJ",
      "serverType": "PROD"
    },
    {
      "serverId": 3,
      "serverName": "VMAKSA69901EXL",
      "serverType": "PROD"
    },
    {
      "serverId": 4,
      "serverName": "VMAKSA69901EXM",
      "serverType": "PROD"
    },
    {
      "serverID": 5,
      "serverName": "VMAMN14GLBSDRL",
      "serverType": "DR"
    },
    {
      "serverId": 6,
      "serverName": "VMAMN14GLBSDRM",
      "serverType": "DR"
    },
    {
      "serverId": 7,
      "serverName": "VMAMN14GLBSDRN",
      "serverType": "DR"
    },
    {
      "serverId": 8,
      "serverName": "VMAMN14GLBSDRP",
      "serverType": "DR"
    },
    {
      "serverId": 9,
      "serverName": "VMAKSA69901EXN",
      "serverType": "PROD"
    },
    {
      "serverId": 10,
      "serverName": "VMAMN14GLBSDRQ",
      "serverType": "DR"
    }
  ],
  "metadata": {
    "uIComponentID": "ADMIN_COMPONENT_APP_SERVER_NAME",
    "dataCount": 17,
    "status": "Success",
    "errorMsg": null
  }
}