{
  "data": [
    {
      "moduleId": 1,
      "moduleName": "Batch",
      "moduleOs": "Linux"
    },
    {
      "moduleId": 2,
      "moduleName": "Backend",
      "moduleOs": "Linux"
    },
    {
      "moduleId": 3,
      "moduleName": "Utility",
      "moduleOs": "Utility"
    },
    {
      "moduleId": 4,
      "moduleName": "DBRD",
      "moduleOs": "Windows"
    },
    {
      "moduleId": 5,
      "moduleName": "FCTY",
      "moduleOs": "Windows"
    }
  ],
  "metadata": {
    "uIComponentID": "ADMIN_COMPONENT_APP_MODULE_NAME",
    "dataCount": 5,
    "status": "Success",
    "errorMsg": null
  }
}