{
  "data": [
    {
      "rescanRequestId": 621,
      "buId": 0,
      "format": null,
      "fromDate": null,
      "toDate": null,
      "status": "Completed",
      "buName": null,
      "messageId": "Auto40817596113 310402",
      "decision": "HITS",
      "rescanDt":"2019/04/03 00:00:00 AM",
      "uIComponentID": null
    },
    {
      "rescanRequestId": 621,
      "buId": 0,
      "format": null,
      "fromDate": null,
      "toDate": null,
      "status": "Completed",
      "buName": null,
      "messageId": "Auto40817596124 310413",
      "decision": "NO HIT",
      "rescanDt":"2019/04/03 00:00:00 AM",
      "uIComponentID": null
    },
    {
      "rescanRequestId": 621,
      "buId": 0,
      "format": null,
      "fromDate": null,
      "toDate": null,
      "status": "Completed",
      "buName": null,
      "messageId": "Auto40817596125 310414",
      "decision": "NO HIT",
      "rescanDt":"2019/04/03 00:00:00 PM",
      "uIComponentID": null
    }
  ],
  "metadata": {
    "uIComponentID": "TRANSACTION_RESCANING",
    "dataCount": 824,
    "status": "Success",
    "errorMsg": null
  }
}
