{
  "data": [
    {
      "rescanRequestId": 1407,
      "buId": 5,
      "format": "ALL",
      "fromDate": "2019/03/01 00:00:00",
      "toDate": "2019/03/31 23:59:59",
      "status": "Completed",
      "buName": "FX",
      "messageId": null,
      "decision": null,
      "uIComponentID": null,
      "submittedDt": "2019/04/18 11:11:13",
      "rescanDt": null
    },
    {
      "rescanRequestId": 1409,
      "buId": 5,
      "format": "ALL",
      "fromDate": "2019/03/13 00:00:00",
      "toDate": "2019/03/13 23:59:59",
      "status": "Completed",
      "buName": "FX",
      "messageId": null,
      "decision": null,
      "uIComponentID": null,
      "submittedDt": "2019/04/18 14:12:11",
      "rescanDt": null
    },
    {
      "rescanRequestId": 1081,
      "buId": 5,
      "format": "ALL",
      "fromDate": "2019/03/27 00:00:00",
      "toDate": "2019/03/28 23:59:59",
      "status": "Completed",
      "buName": "FX",
      "messageId": null,
      "decision": null,
      "uIComponentID": null,
      "submittedDt": "2019/03/28 10:14:42",
      "rescanDt": null
    },
    {
      "rescanRequestId": 1087,
      "buId": 5,
      "format": "ALL",
      "fromDate": "2019/03/28 00:00:00",
      "toDate": "2019/03/28 23:59:59",
      "status": "Completed",
      "buName": "FX",
      "messageId": null,
      "decision": null,
      "uIComponentID": null,
      "submittedDt": "2019/03/28 16:51:31",
      "rescanDt": null
    },
    {
      "rescanRequestId": 1088,
      "buId": 5,
      "format": "ALL",
      "fromDate": "2019/03/27 00:00:00",
      "toDate": "2019/03/27 23:59:59",
      "status": "Completed",
      "buName": "FX",
      "messageId": null,
      "decision": null,
      "uIComponentID": null,
      "submittedDt": "2019/03/28 17:06:45",
      "rescanDt": null
    },
    {
      "rescanRequestId": 1122,
      "buId": 5,
      "format": "ALL",
      "fromDate": "2019/03/01 00:00:00",
      "toDate": "2019/04/01 23:59:59",
      "status": "Completed",
      "buName": "FX",
      "messageId": null,
      "decision": null,
      "uIComponentID": null,
      "submittedDt": "2019/04/02 10:34:35",
      "rescanDt": null
    },
    {
      "rescanRequestId": 1281,
      "buId": 5,
      "format": "ALL",
      "fromDate": "2019/04/11 00:00:00",
      "toDate": "2019/04/11 23:59:59",
      "status": "Completed",
      "buName": "FX",
      "messageId": null,
      "decision": null,
      "uIComponentID": null,
      "submittedDt": "2019/04/11 15:15:51",
      "rescanDt": null
    },
    {
      "rescanRequestId": 1311,
      "buId": 5,
      "format": "ALL",
      "fromDate": "2019/04/11 00:00:00",
      "toDate": "2019/04/12 23:59:59",
      "status": "Completed",
      "buName": "FX",
      "messageId": null,
      "decision": null,
      "uIComponentID": null,
      "submittedDt": "2019/04/12 12:49:04",
      "rescanDt": null
    },
    {
      "rescanRequestId": 1314,
      "buId": 5,
      "format": "ALL",
      "fromDate": "2019/04/11 00:00:00",
      "toDate": "2019/04/12 23:59:59",
      "status": "Completed",
      "buName": "FX",
      "messageId": null,
      "decision": null,
      "uIComponentID": null,
      "submittedDt": "2019/04/12 13:03:07",
      "rescanDt": null
    },
    {
      "rescanRequestId": 1321,
      "buId": 5,
      "format": "XML",
      "fromDate": "2019/04/11 00:00:00",
      "toDate": "2019/04/12 23:59:59",
      "status": "Completed",
      "buName": "FX",
      "messageId": null,
      "decision": null,
      "uIComponentID": null,
      "submittedDt": "2019/04/12 13:43:35",
      "rescanDt": null
    },
    {
      "rescanRequestId": 1361,
      "buId": 5,
      "format": "ALL",
      "fromDate": "2019/04/16 00:00:00",
      "toDate": "2019/04/16 23:59:59",
      "status": "Completed",
      "buName": "FX",
      "messageId": null,
      "decision": null,
      "uIComponentID": null,
      "submittedDt": "2019/04/16 15:51:40",
      "rescanDt": null
    },
    {
      "rescanRequestId": 662,
      "buId": 5,
      "format": "XML",
      "fromDate": "2018/11/02 00:00:00",
      "toDate": "2018/11/02 00:00:00",
      "status": "Completed",
      "buName": "FX",
      "messageId": null,
      "decision": null,
      "uIComponentID": null,
      "submittedDt": "2019/01/25 15:26:12",
      "rescanDt": null
    },
    {
      "rescanRequestId": 1169,
      "buId": 5,
      "format": "ALL",
      "fromDate": "2019/03/25 00:00:00",
      "toDate": "2019/04/02 23:59:59",
      "status": "Completed",
      "buName": "FX",
      "messageId": null,
      "decision": null,
      "uIComponentID": null,
      "submittedDt": "2019/04/03 10:44:48",
      "rescanDt": null
    },
    {
      "rescanRequestId": 1170,
      "buId": 5,
      "format": "ALL",
      "fromDate": "2019/03/01 00:00:00",
      "toDate": "2019/04/02 23:59:59",
      "status": "Completed",
      "buName": "FX",
      "messageId": null,
      "decision": null,
      "uIComponentID": null,
      "submittedDt": "2019/04/03 10:49:20",
      "rescanDt": null
    },
    {
      "rescanRequestId": 1441,
      "buId": 5,
      "format": "ALL",
      "fromDate": "2019/04/22 00:00:00",
      "toDate": "2019/04/22 23:59:59",
      "status": "Completed",
      "buName": "FX",
      "messageId": null,
      "decision": null,
      "uIComponentID": null,
      "submittedDt": "2019/04/22 07:31:48",
      "rescanDt": null
    },
    {
      "rescanRequestId": 582,
      "buId": 5,
      "format": "ALL",
      "fromDate": "2018/10/21 00:00:00",
      "toDate": "2018/10/21 00:00:00",
      "status": "Completed",
      "buName": "FX",
      "messageId": null,
      "decision": null,
      "uIComponentID": null,
      "submittedDt": "2019/01/25 15:26:12",
      "rescanDt": null
    },
    {
      "rescanRequestId": 1102,
      "buId": 5,
      "format": "ALL",
      "fromDate": "2019/03/28 00:00:00",
      "toDate": "2019/03/28 23:59:59",
      "status": "Completed",
      "buName": "FX",
      "messageId": null,
      "decision": null,
      "uIComponentID": null,
      "submittedDt": "2019/03/29 09:09:58",
      "rescanDt": null
    },
    {
      "rescanRequestId": 1161,
      "buId": 5,
      "format": "ALL",
      "fromDate": "2019/04/02 00:00:00",
      "toDate": "2019/04/02 23:59:59",
      "status": "Completed",
      "buName": "FX",
      "messageId": null,
      "decision": null,
      "uIComponentID": null,
      "submittedDt": "2019/04/03 02:07:37",
      "rescanDt": null
    },
    {
      "rescanRequestId": 587,
      "buId": 5,
      "format": "ALL",
      "fromDate": "2018/10/22 00:00:00",
      "toDate": "2018/10/22 00:00:00",
      "status": "Completed",
      "buName": "FX",
      "messageId": null,
      "decision": null,
      "uIComponentID": null,
      "submittedDt": "2019/01/25 15:26:12",
      "rescanDt": null
    },
    {
      "rescanRequestId": 601,
      "buId": 5,
      "format": "ALL",
      "fromDate": "2018/10/23 00:00:00",
      "toDate": "2018/10/24 00:00:00",
      "status": "Completed",
      "buName": "FX",
      "messageId": null,
      "decision": null,
      "uIComponentID": null,
      "submittedDt": "2019/01/25 15:26:12",
      "rescanDt": null
    },
    {
      "rescanRequestId": 581,
      "buId": 5,
      "format": "XML",
      "fromDate": "2018/10/21 00:00:00",
      "toDate": "2018/10/21 00:00:00",
      "status": "Completed",
      "buName": "FX",
      "messageId": null,
      "decision": null,
      "uIComponentID": null,
      "submittedDt": "2019/01/25 15:26:12",
      "rescanDt": null
    },
    {
      "rescanRequestId": 621,
      "buId": 5,
      "format": "ALL",
      "fromDate": "2018/10/29 00:00:00",
      "toDate": "2018/10/30 00:00:00",
      "status": "Completed",
      "buName": "FX",
      "messageId": null,
      "decision": null,
      "uIComponentID": null,
      "submittedDt": "2019/01/25 15:26:12",
      "rescanDt": null
    },
    {
      "rescanRequestId": 641,
      "buId": 5,
      "format": "XML",
      "fromDate": "2018/10/31 00:00:00",
      "toDate": "2018/10/31 00:00:00",
      "status": "Completed",
      "buName": "FX",
      "messageId": null,
      "decision": null,
      "uIComponentID": null,
      "submittedDt": "2019/01/25 15:26:12",
      "rescanDt": null
    },
    {
      "rescanRequestId": 1490,
      "buId": 5,
      "format": "ALL",
      "fromDate": "2019/04/04 00:00:00",
      "toDate": "2019/04/30 23:59:59",
      "status": "Completed",
      "buName": "FX",
      "messageId": null,
      "decision": null,
      "uIComponentID": null,
      "submittedDt": "2019/04/30 14:22:12",
      "rescanDt": null
    },
    {
      "rescanRequestId": 1028,
      "buId": 5,
      "format": "ALL",
      "fromDate": "2019/03/11 00:00:00",
      "toDate": "2019/03/22 23:59:59",
      "status": "Completed",
      "buName": "FX",
      "messageId": null,
      "decision": null,
      "uIComponentID": null,
      "submittedDt": "2019/03/25 13:41:03",
      "rescanDt": null
    },
    {
      "rescanRequestId": 1044,
      "buId": 5,
      "format": "ALL",
      "fromDate": "2019/03/18 00:00:00",
      "toDate": "2019/03/26 23:59:59",
      "status": "Completed",
      "buName": "FX",
      "messageId": null,
      "decision": null,
      "uIComponentID": null,
      "submittedDt": "2019/03/26 10:03:38",
      "rescanDt": null
    },
    {
      "rescanRequestId": 1063,
      "buId": 5,
      "format": "ALL",
      "fromDate": "2019/03/22 00:00:00",
      "toDate": "2019/03/26 23:59:59",
      "status": "Completed",
      "buName": "FX",
      "messageId": null,
      "decision": null,
      "uIComponentID": null,
      "submittedDt": "2019/03/27 21:57:48",
      "rescanDt": null
    },
    {
      "rescanRequestId": 1104,
      "buId": 5,
      "format": "ALL",
      "fromDate": "2019/03/01 00:00:00",
      "toDate": "2019/03/28 23:59:59",
      "status": "Completed",
      "buName": "FX",
      "messageId": null,
      "decision": null,
      "uIComponentID": null,
      "submittedDt": "2019/03/29 00:37:40",
      "rescanDt": null
    },
    {
      "rescanRequestId": 1106,
      "buId": 5,
      "format": "XML",
      "fromDate": "2019/03/29 00:00:00",
      "toDate": "2019/03/29 23:59:59",
      "status": "Completed",
      "buName": "FX",
      "messageId": null,
      "decision": null,
      "uIComponentID": null,
      "submittedDt": "2019/03/29 00:46:20",
      "rescanDt": null
    },
    {
      "rescanRequestId": 1107,
      "buId": 5,
      "format": "ALL",
      "fromDate": "2019/03/29 00:00:00",
      "toDate": "2019/03/29 23:59:59",
      "status": "Completed",
      "buName": "FX",
      "messageId": null,
      "decision": null,
      "uIComponentID": null,
      "submittedDt": "2019/03/29 00:50:53",
      "rescanDt": null
    },
    {
      "rescanRequestId": 1202,
      "buId": 5,
      "format": "XML",
      "fromDate": "2019/04/01 00:00:00",
      "toDate": "2019/04/02 23:59:59",
      "status": "Completed",
      "buName": "FX",
      "messageId": null,
      "decision": null,
      "uIComponentID": null,
      "submittedDt": "2019/04/05 02:34:58",
      "rescanDt": null
    },
    {
      "rescanRequestId": 1243,
      "buId": 5,
      "format": "XML",
      "fromDate": "2019/04/01 00:00:00",
      "toDate": "2019/04/08 23:59:59",
      "status": "Completed",
      "buName": "FX",
      "messageId": null,
      "decision": null,
      "uIComponentID": null,
      "submittedDt": "2019/04/08 01:55:36",
      "rescanDt": null
    },
    {
      "rescanRequestId": 1303,
      "buId": 5,
      "format": "ALL",
      "fromDate": "2019/04/09 00:00:00",
      "toDate": "2019/04/09 23:59:59",
      "status": "Completed",
      "buName": "FX",
      "messageId": null,
      "decision": null,
      "uIComponentID": null,
      "submittedDt": "2019/04/12 10:09:21",
      "rescanDt": null
    },
    {
      "rescanRequestId": 1304,
      "buId": 5,
      "format": "XML",
      "fromDate": "2019/04/09 00:00:00",
      "toDate": "2019/04/09 23:59:59",
      "status": "Completed",
      "buName": "FX",
      "messageId": null,
      "decision": null,
      "uIComponentID": null,
      "submittedDt": "2019/04/12 10:09:32",
      "rescanDt": null
    },
    {
      "rescanRequestId": 703,
      "buId": 5,
      "format": "XML",
      "fromDate": "2018/11/04 00:00:00",
      "toDate": "2018/11/07 00:00:00",
      "status": "Completed",
      "buName": "FX",
      "messageId": null,
      "decision": null,
      "uIComponentID": null,
      "submittedDt": "2019/01/25 15:26:12",
      "rescanDt": null
    },
    {
      "rescanRequestId": 702,
      "buId": 5,
      "format": "XML",
      "fromDate": "2018/11/01 00:00:00",
      "toDate": "2018/11/11 00:00:00",
      "status": "Completed",
      "buName": "FX",
      "messageId": null,
      "decision": null,
      "uIComponentID": null,
      "submittedDt": "2019/01/25 15:26:12",
      "rescanDt": null
    },
    {
      "rescanRequestId": 1001,
      "buId": 5,
      "format": "ALL",
      "fromDate": "2019/03/14 00:00:00",
      "toDate": "2019/03/15 23:59:59",
      "status": "Completed",
      "buName": "FX",
      "messageId": null,
      "decision": null,
      "uIComponentID": null,
      "submittedDt": "2019/03/18 11:21:39",
      "rescanDt": null
    },
    {
      "rescanRequestId": 1084,
      "buId": 5,
      "format": "ALL",
      "fromDate": "2019/03/28 00:00:00",
      "toDate": "2019/03/28 23:59:59",
      "status": "Completed",
      "buName": "FX",
      "messageId": null,
      "decision": null,
      "uIComponentID": null,
      "submittedDt": "2019/03/28 11:22:56",
      "rescanDt": null
    },
    {
      "rescanRequestId": 1248,
      "buId": 5,
      "format": "XML",
      "fromDate": "2019/04/05 00:00:00",
      "toDate": "2019/04/05 23:59:59",
      "status": "Completed",
      "buName": "FX",
      "messageId": null,
      "decision": null,
      "uIComponentID": null,
      "submittedDt": "2019/04/08 11:57:18",
      "rescanDt": null
    },
    {
      "rescanRequestId": 1250,
      "buId": 5,
      "format": "ALL",
      "fromDate": "2019/04/08 00:00:00",
      "toDate": "2019/04/08 23:59:59",
      "status": "Completed",
      "buName": "FX",
      "messageId": null,
      "decision": null,
      "uIComponentID": null,
      "submittedDt": "2019/04/08 12:47:42",
      "rescanDt": null
    }
  ],
  "metadata": {
    "uIComponentID": "TRANSACTION_RESCANING",
    "dataCount": 40,
    "status": "Success",
    "errorMsg": null
  }
}