{
  "response": [
    {
      "data": [
        {
          "buId": 1421,
          "buName": "4574545454545",
          "buShortName": "Auto1235",
          "buContactPerson": "Test245",
          "createdBy": "C00001",
          "createdDate": 1557392130000,
          "lastUpdatedBy": null,
          "lastUpdatedDate": null,
          "buEmailId": "geetanjali@usbank.com",
          "active": "Active",
          "uIComponentID": null,
          "buSupportUnit": "Y",
          "unitName": "COEAnalyst"
        },
        {
          "buId": 1,
          "buName": "ACH",
          "buShortName": "ACH",
          "buContactPerson": "Vi M Huynh",
          "createdBy": "C00001",
          "createdDate": 1539376231000,
          "lastUpdatedBy": "C00001",
          "lastUpdatedDate": 1549020982000,
          "buEmailId": "coeanalyst@usbank.com",
          "active": "Active",
          "uIComponentID": null,
          "buSupportUnit": "N",
          "unitName": "BusinessUnit"
        },
        {
          "buId": 13,
          "buName": "ACH GA",
          "buShortName": "ACH GA",
          "buContactPerson": "Vi M Huynh",
          "createdBy": "C00001",
          "createdDate": 1539376232000,
          "lastUpdatedBy": null,
          "lastUpdatedDate": null,
          "buEmailId": "coeanalyst@usbank.com",
          "active": "Active",
          "uIComponentID": null,
          "buSupportUnit": "N",
          "unitName": "BusinessUnit"
        },
        {
          "buId": 1381,
          "buName": "Automation789",
          "buShortName": "Auto7890",
          "buContactPerson": "Test245",
          "createdBy": "C00001",
          "createdDate": 1550743135000,
          "lastUpdatedBy": null,
          "lastUpdatedDate": null,
          "buEmailId": "geetanjali@usbank.com",
          "active": "Active",
          "uIComponentID": null,
          "buSupportUnit": "Y",
          "unitName": "COEAnalyst"
        },
        {
          "buId": 862,
          "buName": "BL User",
          "buShortName": "BL",
          "buContactPerson": "Vi M Huynh",
          "createdBy": "C00001",
          "createdDate": 1539376233000,
          "lastUpdatedBy": null,
          "lastUpdatedDate": null,
          "buEmailId": "coeanalyst@usbank.com",
          "active": "Active",
          "uIComponentID": null,
          "buSupportUnit": "N",
          "unitName": "BusinessUnit"
        },
        {
          "buId": 2,
          "buName": "CDIRA",
          "buShortName": "CDIRA",
          "buContactPerson": "Vi M Huynh",
          "createdBy": "C00001",
          "createdDate": 1539376231000,
          "lastUpdatedBy": null,
          "lastUpdatedDate": null,
          "buEmailId": "coeanalyst@usbank.com",
          "active": "Active",
          "uIComponentID": null,
          "buSupportUnit": "N",
          "unitName": "BusinessUnit"
        },
        {
          "buId": 883,
          "buName": "CQA",
          "buShortName": "CQA",
          "buContactPerson": "Vi M Huynh",
          "createdBy": "C00001",
          "createdDate": 1539376233000,
          "lastUpdatedBy": null,
          "lastUpdatedDate": null,
          "buEmailId": "coeanalyst@usbank.com",
          "active": "Active",
          "uIComponentID": null,
          "buSupportUnit": "Y",
          "unitName": "CQA"
        },
        {
          "buId": 861,
          "buName": "CoE",
          "buShortName": "CoE",
          "buContactPerson": "Vi M Huynh",
          "createdBy": "C00001",
          "createdDate": 1539376233000,
          "lastUpdatedBy": null,
          "lastUpdatedDate": null,
          "buEmailId": "coeanalyst@usbank.com",
          "active": "Active",
          "uIComponentID": null,
          "buSupportUnit": "Y",
          "unitName": "COEAnalyst"
        },
        {
          "buId": 3,
          "buName": "DI",
          "buShortName": "DI",
          "buContactPerson": "Vi M Huynh",
          "createdBy": "C00001",
          "createdDate": 1539376231000,
          "lastUpdatedBy": null,
          "lastUpdatedDate": null,
          "buEmailId": "coeanalyst@usbank.com",
          "active": "Active",
          "uIComponentID": null,
          "buSupportUnit": "N",
          "unitName": "BusinessUnit"
        },
        {
          "buId": 4,
          "buName": "DP",
          "buShortName": "DP",
          "buContactPerson": "Vi M Huynh",
          "createdBy": "C00001",
          "createdDate": 1539376232000,
          "lastUpdatedBy": null,
          "lastUpdatedDate": null,
          "buEmailId": "coeanalyst@usbank.com",
          "active": "Active",
          "uIComponentID": null,
          "buSupportUnit": "N",
          "unitName": "BusinessUnit"
        },
        {
          "buId": 1341,
          "buName": "DP 4 EYE",
          "buShortName": "GK",
          "buContactPerson": "Vi M Huynh",
          "createdBy": "C00001",
          "createdDate": 1546948239000,
          "lastUpdatedBy": "C00001",
          "lastUpdatedDate": 1546948448000,
          "buEmailId": "gk123@usbank.com",
          "active": "Active",
          "uIComponentID": null,
          "buSupportUnit": "N",
          "unitName": "BusinessUnit"
        },
        {
          "buId": 882,
          "buName": "EFCC",
          "buShortName": "EFCC",
          "buContactPerson": "Vi M Huynh",
          "createdBy": "C00001",
          "createdDate": 1539376233000,
          "lastUpdatedBy": null,
          "lastUpdatedDate": null,
          "buEmailId": "coeanalyst@usbank.com",
          "active": "Active",
          "uIComponentID": null,
          "buSupportUnit": "Y",
          "unitName": "EFCC"
        },
        {
          "buId": 5,
          "buName": "FX",
          "buShortName": "FX",
          "buContactPerson": "Vi M Huynh",
          "createdBy": "C00001",
          "createdDate": 1539376232000,
          "lastUpdatedBy": null,
          "lastUpdatedDate": null,
          "buEmailId": "coeanalyst@usbank.com",
          "active": "Active",
          "uIComponentID": null,
          "buSupportUnit": "N",
          "unitName": "BusinessUnit"
        },
        {
          "buId": 7,
          "buName": "GDS",
          "buShortName": "GDS",
          "buContactPerson": "Vi M Huynh",
          "createdBy": "C00001",
          "createdDate": 1539376232000,
          "lastUpdatedBy": null,
          "lastUpdatedDate": null,
          "buEmailId": "coeanalyst@usbank.com",
          "active": "Active",
          "uIComponentID": null,
          "buSupportUnit": "N",
          "unitName": "BusinessUnit"
        },
        {
          "buId": 1261,
          "buName": "GS",
          "buShortName": "GS",
          "buContactPerson": "Vi M Huynh",
          "createdBy": "C00001",
          "createdDate": 1539677618000,
          "lastUpdatedBy": "C00001",
          "lastUpdatedDate": 1539677777000,
          "buEmailId": "gs567@usbank.com",
          "active": "Active",
          "uIComponentID": null,
          "buSupportUnit": "Y",
          "unitName": "ProdSupport"
        },
        {
          "buId": 8,
          "buName": "ICS",
          "buShortName": "ICS",
          "buContactPerson": "Vi M Huynh",
          "createdBy": "C00001",
          "createdDate": 1539376232000,
          "lastUpdatedBy": null,
          "lastUpdatedDate": null,
          "buEmailId": "coeanalyst@usbank.com",
          "active": "Active",
          "uIComponentID": null,
          "buSupportUnit": "N",
          "unitName": "BusinessUnit"
        },
        {
          "buId": 9,
          "buName": "IR",
          "buShortName": "IR",
          "buContactPerson": "Vi M Huynh",
          "createdBy": "C00001",
          "createdDate": 1539376232000,
          "lastUpdatedBy": null,
          "lastUpdatedDate": null,
          "buEmailId": "coeanalyst@usbank.com",
          "active": "Active",
          "uIComponentID": null,
          "buSupportUnit": "N",
          "unitName": "BusinessUnit"
        },
        {
          "buId": 1301,
          "buName": "ISM",
          "buShortName": "ISM",
          "buContactPerson": "yun ching",
          "createdBy": "C00001",
          "createdDate": 1541416742000,
          "lastUpdatedBy": "C00001",
          "lastUpdatedDate": 1541416774000,
          "buEmailId": "yuch456@gmail.com",
          "active": "Active",
          "uIComponentID": null,
          "buSupportUnit": "Y",
          "unitName": "COEAnalyst"
        },
        {
          "buId": 15,
          "buName": "LS",
          "buShortName": "LS",
          "buContactPerson": "Vi M Huynh",
          "createdBy": "C00001",
          "createdDate": 1539376233000,
          "lastUpdatedBy": null,
          "lastUpdatedDate": null,
          "buEmailId": "coeanalyst@usbank.com",
          "active": "Active",
          "uIComponentID": null,
          "buSupportUnit": "N",
          "unitName": "BusinessUnit"
        },
        {
          "buId": 884,
          "buName": "Prod Support",
          "buShortName": "Prod Support",
          "buContactPerson": "Rajesh Turamalla",
          "createdBy": "C00001",
          "createdDate": 1539376233000,
          "lastUpdatedBy": null,
          "lastUpdatedDate": null,
          "buEmailId": "fircoofacdevsupportdg@usbank.com",
          "active": "Active",
          "uIComponentID": null,
          "buSupportUnit": "Y",
          "unitName": "ProdSupport"
        },
        {
          "buId": 10,
          "buName": "RTP",
          "buShortName": "RTP",
          "buContactPerson": "Vi M Huynh",
          "createdBy": "C00001",
          "createdDate": 1539376232000,
          "lastUpdatedBy": null,
          "lastUpdatedDate": null,
          "buEmailId": "coeanalyst@usbank.com",
          "active": "Active",
          "uIComponentID": null,
          "buSupportUnit": "N",
          "unitName": "BusinessUnit"
        },
        {
          "buId": 1321,
          "buName": "Testing",
          "buShortName": "test",
          "buContactPerson": "support",
          "createdBy": "C00001",
          "createdDate": 1541748240000,
          "lastUpdatedBy": "C00001",
          "lastUpdatedDate": 1541748596000,
          "buEmailId": "support123123@usbank.com",
          "active": "Active",
          "uIComponentID": null,
          "buSupportUnit": "N",
          "unitName": "BusinessUnit"
        },
        {
          "buId": 14,
          "buName": "WIRES FG",
          "buShortName": "WIRES FG",
          "buContactPerson": "Vi M Huynh",
          "createdBy": "C00001",
          "createdDate": 1539376233000,
          "lastUpdatedBy": null,
          "lastUpdatedDate": null,
          "buEmailId": "coeanalyst@usbank.com",
          "active": "Active",
          "uIComponentID": null,
          "buSupportUnit": "N",
          "unitName": "BusinessUnit"
        },
        {
          "buId": 12,
          "buName": "WMIS",
          "buShortName": "WMIS",
          "buContactPerson": "Vi M Huynh",
          "createdBy": "C00001",
          "createdDate": 1539376232000,
          "lastUpdatedBy": null,
          "lastUpdatedDate": null,
          "buEmailId": "coeanalyst@usbank.com",
          "active": "Active",
          "uIComponentID": null,
          "buSupportUnit": "N",
          "unitName": "BusinessUnit"
        },
        {
          "buId": 11,
          "buName": "Wires",
          "buShortName": "Wires",
          "buContactPerson": "Vi M Huynh",
          "createdBy": "C00001",
          "createdDate": 1539376232000,
          "lastUpdatedBy": null,
          "lastUpdatedDate": null,
          "buEmailId": "coeanalyst@usbank.com",
          "active": "Active",
          "uIComponentID": null,
          "buSupportUnit": "N",
          "unitName": "BusinessUnit"
        },
        {
          "buId": 1422,
          "buName": "fhfjfjgfhj",
          "buShortName": "Auto1235",
          "buContactPerson": "Test245",
          "createdBy": "C00001",
          "createdDate": 1557393598000,
          "lastUpdatedBy": null,
          "lastUpdatedDate": null,
          "buEmailId": "geetanjali@usbank.com",
          "active": "Active",
          "uIComponentID": null,
          "buSupportUnit": "Y",
          "unitName": "COEAnalyst"
        },
        {
          "buId": 1281,
          "buName": "geetanjali@usbank.com",
          "buShortName": "ARP",
          "buContactPerson": "Vi M Huynh",
          "createdBy": "C00001",
          "createdDate": 1539767477000,
          "lastUpdatedBy": "C00001",
          "lastUpdatedDate": 1557480717000,
          "buEmailId": "arp456@usbank.com",
          "active": "Active",
          "uIComponentID": null,
          "buSupportUnit": "Y",
          "unitName": "COEAnalyst"
        }
      ],
      "metadata": {
        "uIComponentID": "DASHBOARD_SELECT_BU_DROPDOWN",
        "dataCount": 27,
        "status": "Success",
        "errorMsg": null
      }
    },
    {
      "data": [
        {
          "buRoleId": 542,
          "buRoleName": "ESS CoE Adjudicator",
          "active": "Active",
          "buId": 861,
          "createdDate": 1539376233000,
          "createdBy": "C00001",
          "lastUpdatedDate": null,
          "lastUpdatedBy": null,
          "buRoleFunctions": [
            {
              "buFunctionId": 22,
              "functionId": 10,
              "buRoleId": 542,
              "createdDate": 1539376236000,
              "createdBy": "C00001",
              "lastUpdatedDate": null,
              "lastUpdatedBy": null
            },
            {
              "buFunctionId": 18,
              "functionId": 12,
              "buRoleId": 542,
              "createdDate": 1539376235000,
              "createdBy": "C00001",
              "lastUpdatedDate": null,
              "lastUpdatedBy": null
            },
            {
              "buFunctionId": 17,
              "functionId": 11,
              "buRoleId": 542,
              "createdDate": 1539376235000,
              "createdBy": "C00001",
              "lastUpdatedDate": null,
              "lastUpdatedBy": null
            },
            {
              "buFunctionId": 19,
              "functionId": 13,
              "buRoleId": 542,
              "createdDate": 1539376236000,
              "createdBy": "C00001",
              "lastUpdatedDate": null,
              "lastUpdatedBy": null
            },
            {
              "buFunctionId": 20,
              "functionId": 14,
              "buRoleId": 542,
              "createdDate": 1539376236000,
              "createdBy": "C00001",
              "lastUpdatedDate": null,
              "lastUpdatedBy": null
            },
            {
              "buFunctionId": 1301,
              "functionId": 18,
              "buRoleId": 542,
              "createdDate": 1545159992000,
              "createdBy": "C00001",
              "lastUpdatedDate": null,
              "lastUpdatedBy": null
            },
            {
              "buFunctionId": 21,
              "functionId": 15,
              "buRoleId": 542,
              "createdDate": 1539376236000,
              "createdBy": "C00001",
              "lastUpdatedDate": null,
              "lastUpdatedBy": null
            }
          ]
        },
        {
          "buRoleId": 541,
          "buRoleName": "ESS CoE Admin",
          "active": "Active",
          "buId": 861,
          "createdDate": 1539376233000,
          "createdBy": "C00001",
          "lastUpdatedDate": null,
          "lastUpdatedBy": null,
          "buRoleFunctions": [
            {
              "buFunctionId": 5,
              "functionId": 4,
              "buRoleId": 541,
              "createdDate": 1539376234000,
              "createdBy": "C00001",
              "lastUpdatedDate": null,
              "lastUpdatedBy": null
            },
            {
              "buFunctionId": 1266,
              "functionId": 17,
              "buRoleId": 541,
              "createdDate": 1540842563000,
              "createdBy": "C00001",
              "lastUpdatedDate": null,
              "lastUpdatedBy": null
            },
            {
              "buFunctionId": 1341,
              "functionId": 5,
              "buRoleId": 541,
              "createdDate": 1546948933000,
              "createdBy": "C00001",
              "lastUpdatedDate": null,
              "lastUpdatedBy": null
            },
            {
              "buFunctionId": 12,
              "functionId": 14,
              "buRoleId": 541,
              "createdDate": 1539376235000,
              "createdBy": "C00001",
              "lastUpdatedDate": null,
              "lastUpdatedBy": null
            },
            {
              "buFunctionId": 4,
              "functionId": 3,
              "buRoleId": 541,
              "createdDate": 1539376234000,
              "createdBy": "C00001",
              "lastUpdatedDate": null,
              "lastUpdatedBy": null
            },
            {
              "buFunctionId": 3,
              "functionId": 2,
              "buRoleId": 541,
              "createdDate": 1539376234000,
              "createdBy": "C00001",
              "lastUpdatedDate": null,
              "lastUpdatedBy": null
            },
            {
              "buFunctionId": 7,
              "functionId": 6,
              "buRoleId": 541,
              "createdDate": 1539376234000,
              "createdBy": "C00001",
              "lastUpdatedDate": null,
              "lastUpdatedBy": null
            },
            {
              "buFunctionId": 11,
              "functionId": 13,
              "buRoleId": 541,
              "createdDate": 1539376235000,
              "createdBy": "C00001",
              "lastUpdatedDate": null,
              "lastUpdatedBy": null
            },
            {
              "buFunctionId": 14,
              "functionId": 10,
              "buRoleId": 541,
              "createdDate": 1539376235000,
              "createdBy": "C00001",
              "lastUpdatedDate": null,
              "lastUpdatedBy": null
            },
            {
              "buFunctionId": 1,
              "functionId": 11,
              "buRoleId": 541,
              "createdDate": 1539376234000,
              "createdBy": "C00001",
              "lastUpdatedDate": null,
              "lastUpdatedBy": null
            },
            {
              "buFunctionId": 1282,
              "functionId": 18,
              "buRoleId": 541,
              "createdDate": 1543242183000,
              "createdBy": "rtss_dbrd",
              "lastUpdatedDate": null,
              "lastUpdatedBy": null
            },
            {
              "buFunctionId": 13,
              "functionId": 15,
              "buRoleId": 541,
              "createdDate": 1539376235000,
              "createdBy": "C00001",
              "lastUpdatedDate": null,
              "lastUpdatedBy": null
            },
            {
              "buFunctionId": 2,
              "functionId": 12,
              "buRoleId": 541,
              "createdDate": 1539376234000,
              "createdBy": "C00001",
              "lastUpdatedDate": null,
              "lastUpdatedBy": null
            },
            {
              "buFunctionId": 1463,
              "functionId": 7,
              "buRoleId": 541,
              "createdDate": 1556313365000,
              "createdBy": "C00001",
              "lastUpdatedDate": null,
              "lastUpdatedBy": null
            },
            {
              "buFunctionId": 6,
              "functionId": 5,
              "buRoleId": 541,
              "createdDate": 1539376234000,
              "createdBy": "C00001",
              "lastUpdatedDate": null,
              "lastUpdatedBy": null
            },
            {
              "buFunctionId": 9,
              "functionId": 8,
              "buRoleId": 541,
              "createdDate": 1539376235000,
              "createdBy": "C00001",
              "lastUpdatedDate": null,
              "lastUpdatedBy": null
            },
            {
              "buFunctionId": 1342,
              "functionId": 5,
              "buRoleId": 541,
              "createdDate": 1546948963000,
              "createdBy": "C00001",
              "lastUpdatedDate": null,
              "lastUpdatedBy": null
            },
            {
              "buFunctionId": 1343,
              "functionId": 18,
              "buRoleId": 541,
              "createdDate": 1546949034000,
              "createdBy": "C00001",
              "lastUpdatedDate": null,
              "lastUpdatedBy": null
            },
            {
              "buFunctionId": 1481,
              "functionId": 9,
              "buRoleId": 541,
              "createdDate": 1556641556000,
              "createdBy": "C00001",
              "lastUpdatedDate": null,
              "lastUpdatedBy": null
            }
          ]
        }
      ],
      "metadata": {
        "uIComponentID": "DASHBOARD_SELECT_ROLE_DROPDOWN",
        "dataCount": 2,
        "status": "Success",
        "errorMsg": null
      }
    },
    {
      "data": [
        {
          "buUserRoleMappingId": 2105,
          "buId": 861,
          "buName": "CoE",
          "buRoleName": "ESS CoE Adjudicator",
          "userName": "Wayne Thompson",
          "buRoleId": 542,
          "userId": 1985,
          "userFirstName": "Wayne",
          "userLastName": "Thompson",
          "userEmailId": "wayne.thompson@usbank.com",
          "userNetworkId": "wethomp",
          "userIsActive": "Active",
          "roleIsActive": "Active",
          "buIsActive": "Active"
        },
        {
          "buUserRoleMappingId": 2104,
          "buId": 861,
          "buName": "CoE",
          "buRoleName": "ESS CoE Adjudicator",
          "userName": "Dean Stallons",
          "buRoleId": 542,
          "userId": 1984,
          "userFirstName": "Dean",
          "userLastName": "Stallons",
          "userEmailId": "dean.stallons2@usbank.com",
          "userNetworkId": "dtstall",
          "userIsActive": "Active",
          "roleIsActive": "Active",
          "buIsActive": "Active"
        },
        {
          "buUserRoleMappingId": 2102,
          "buId": 861,
          "buName": "CoE",
          "buRoleName": "ESS CoE Adjudicator",
          "userName": "Ciara Hutton",
          "buRoleId": 542,
          "userId": 1982,
          "userFirstName": "Ciara",
          "userLastName": "Hutton",
          "userEmailId": "ciara.hutton@usbank.com",
          "userNetworkId": "cxhutto",
          "userIsActive": "Active",
          "roleIsActive": "Active",
          "buIsActive": "Active"
        },
        {
          "buUserRoleMappingId": 2103,
          "buId": 861,
          "buName": "CoE",
          "buRoleName": "ESS CoE Adjudicator",
          "userName": "Xiomara Figueroa Siliuto",
          "buRoleId": 542,
          "userId": 1983,
          "userFirstName": "Xiomara",
          "userLastName": "Figueroa Siliuto",
          "userEmailId": "xiomara.figueroasiliuto@usbank.com",
          "userNetworkId": "xxfigue",
          "userIsActive": "Active",
          "roleIsActive": "Active",
          "buIsActive": "Active"
        },
        {
          "buUserRoleMappingId": 2101,
          "buId": 861,
          "buName": "CoE",
          "buRoleName": "ESS CoE Adjudicator",
          "userName": "Chrissy Singh",
          "buRoleId": 542,
          "userId": 1981,
          "userFirstName": "Chrissy",
          "userLastName": "Singh",
          "userEmailId": "chrissy.singh@usbank.com",
          "userNetworkId": "acsingh",
          "userIsActive": "Active",
          "roleIsActive": "Active",
          "buIsActive": "Active"
        },
        {
          "buUserRoleMappingId": 2261,
          "buId": 861,
          "buName": "CoE",
          "buRoleName": "ESS CoE Adjudicator",
          "userName": "Vivek Tiwari",
          "buRoleId": 542,
          "userId": 1077,
          "userFirstName": "Vivek",
          "userLastName": "Tiwari",
          "userEmailId": "vivek.tiwari@usbank.com",
          "userNetworkId": "c039989",
          "userIsActive": "Active",
          "roleIsActive": "Active",
          "buIsActive": "Active"
        },
        {
          "buUserRoleMappingId": 1405,
          "buId": 861,
          "buName": "CoE",
          "buRoleName": "ESS CoE Adjudicator",
          "userName": "Manish Lalwani",
          "buRoleId": 542,
          "userId": 1062,
          "userFirstName": "Manish",
          "userLastName": "Lalwani",
          "userEmailId": "manishkumar.lalwani@usbank.com",
          "userNetworkId": "c031355",
          "userIsActive": "Active",
          "roleIsActive": "Active",
          "buIsActive": "Active"
        },
        {
          "buUserRoleMappingId": 2041,
          "buId": 861,
          "buName": "CoE",
          "buRoleName": "ESS CoE Admin",
          "userName": "Vi Huynh",
          "buRoleId": 541,
          "userId": 1921,
          "userFirstName": "Vi",
          "userLastName": "Huynh",
          "userEmailId": "vi.huynh@usbank.com",
          "userNetworkId": "vmhuynh",
          "userIsActive": "Active",
          "roleIsActive": "Active",
          "buIsActive": "Active"
        },
        {
          "buUserRoleMappingId": 1941,
          "buId": 861,
          "buName": "CoE",
          "buRoleName": "ESS CoE Admin",
          "userName": "Anjana Honnavar",
          "buRoleId": 541,
          "userId": 1327,
          "userFirstName": "Anjana",
          "userLastName": "Honnavar",
          "userEmailId": "anjana.honnavar@usbank.com",
          "userNetworkId": "avhonna",
          "userIsActive": "Active",
          "roleIsActive": "Active",
          "buIsActive": "Active"
        },
        {
          "buUserRoleMappingId": 4,
          "buId": 861,
          "buName": "CoE",
          "buRoleName": "ESS CoE Admin",
          "userName": "Srinivasa Boddapati",
          "buRoleId": 541,
          "userId": 1001,
          "userFirstName": "Srinivasa",
          "userLastName": "Boddapati",
          "userEmailId": "srinivasarao.boddapati@usbank.com",
          "userNetworkId": "c038256",
          "userIsActive": "Active",
          "roleIsActive": "Active",
          "buIsActive": "Active"
        },
        {
          "buUserRoleMappingId": 3,
          "buId": 861,
          "buName": "CoE",
          "buRoleName": "ESS CoE Admin",
          "userName": "Arya Poovannumvilayil antony",
          "buRoleId": 541,
          "userId": 1121,
          "userFirstName": "Arya",
          "userLastName": "Poovannumvilayil antony",
          "userEmailId": "arya.poovannumvilayilantony@usbank.com",
          "userNetworkId": "axpoova",
          "userIsActive": "Active",
          "roleIsActive": "Active",
          "buIsActive": "Active"
        },
        {
          "buUserRoleMappingId": 2201,
          "buId": 861,
          "buName": "CoE",
          "buRoleName": "ESS CoE Admin",
          "userName": "Varun Verma",
          "buRoleId": 541,
          "userId": 1065,
          "userFirstName": "Varun",
          "userLastName": "Verma",
          "userEmailId": "varun.verma1@usbank.com",
          "userNetworkId": "c043546",
          "userIsActive": "Active",
          "roleIsActive": "Active",
          "buIsActive": "Active"
        },
        {
          "buUserRoleMappingId": 2073,
          "buId": 861,
          "buName": "CoE",
          "buRoleName": "ESS CoE Admin",
          "userName": "Tyrone Sunde",
          "buRoleId": 541,
          "userId": 1962,
          "userFirstName": "Tyrone",
          "userLastName": "Sunde",
          "userEmailId": "tyrone.sunde@usbank.com",
          "userNetworkId": "tjsunde",
          "userIsActive": "Active",
          "roleIsActive": "Active",
          "buIsActive": "Active"
        },
        {
          "buUserRoleMappingId": 1842,
          "buId": 861,
          "buName": "CoE",
          "buRoleName": "ESS CoE Admin",
          "userName": "Gaurav Srivastava",
          "buRoleId": 541,
          "userId": 1761,
          "userFirstName": "Gaurav",
          "userLastName": "Srivastava",
          "userEmailId": "gaurav.srivastava@usbank.com",
          "userNetworkId": "c043393",
          "userIsActive": "Active",
          "roleIsActive": "Active",
          "buIsActive": "Active"
        },
        {
          "buUserRoleMappingId": 2066,
          "buId": 861,
          "buName": "CoE",
          "buRoleName": "ESS CoE Admin",
          "userName": "Christopher Morris",
          "buRoleId": 541,
          "userId": 1961,
          "userFirstName": "Christopher",
          "userLastName": "Morris",
          "userEmailId": "christopher.morris1@usbank.com",
          "userNetworkId": "chmorr1",
          "userIsActive": "Active",
          "roleIsActive": "Active",
          "buIsActive": "Active"
        },
        {
          "buUserRoleMappingId": 1983,
          "buId": 861,
          "buName": "CoE",
          "buRoleName": "ESS CoE Admin",
          "userName": "Sumaira Akbar",
          "buRoleId": 541,
          "userId": 1363,
          "userFirstName": "Sumaira",
          "userLastName": "Akbar",
          "userEmailId": "sumairasajad.akbar@usbank.com",
          "userNetworkId": "c039799",
          "userIsActive": "Active",
          "roleIsActive": "Active",
          "buIsActive": "Active"
        },
        {
          "buUserRoleMappingId": 2065,
          "buId": 861,
          "buName": "CoE",
          "buRoleName": "ESS CoE Admin",
          "userName": "Christopher Glendening",
          "buRoleId": 541,
          "userId": 1964,
          "userFirstName": "Christopher",
          "userLastName": "Glendening",
          "userEmailId": "christopher.glendening@usbank.com",
          "userNetworkId": "cjglend",
          "userIsActive": "Active",
          "roleIsActive": "Active",
          "buIsActive": "Active"
        },
        {
          "buUserRoleMappingId": 2062,
          "buId": 861,
          "buName": "CoE",
          "buRoleName": "ESS CoE Admin",
          "userName": "Ana Maya",
          "buRoleId": 541,
          "userId": 1965,
          "userFirstName": "Ana",
          "userLastName": "Maya",
          "userEmailId": "ana.maya@usbank.com",
          "userNetworkId": "almayar",
          "userIsActive": "Active",
          "roleIsActive": "Active",
          "buIsActive": "Active"
        },
        {
          "buUserRoleMappingId": 2072,
          "buId": 861,
          "buName": "CoE",
          "buRoleName": "ESS CoE Admin",
          "userName": "Oleg Ostanniy",
          "buRoleId": 541,
          "userId": 1966,
          "userFirstName": "Oleg",
          "userLastName": "Ostanniy",
          "userEmailId": "oleg.ostanniy@usbank.com",
          "userNetworkId": "oxostan",
          "userIsActive": "Active",
          "roleIsActive": "Active",
          "buIsActive": "Active"
        },
        {
          "buUserRoleMappingId": 2061,
          "buId": 861,
          "buName": "CoE",
          "buRoleName": "ESS CoE Admin",
          "userName": "Alyssa Pedersen",
          "buRoleId": 541,
          "userId": 1967,
          "userFirstName": "Alyssa",
          "userLastName": "Pedersen",
          "userEmailId": "alyssa.pedersen@usbank.com",
          "userNetworkId": "arpede1",
          "userIsActive": "Active",
          "roleIsActive": "Active",
          "buIsActive": "Active"
        },
        {
          "buUserRoleMappingId": 2063,
          "buId": 861,
          "buName": "CoE",
          "buRoleName": "ESS CoE Admin",
          "userName": "Brian Moore",
          "buRoleId": 541,
          "userId": 1968,
          "userFirstName": "Brian",
          "userLastName": "Moore",
          "userEmailId": "brian.moore@usbank.com",
          "userNetworkId": "bpmoore",
          "userIsActive": "Active",
          "roleIsActive": "Active",
          "buIsActive": "Active"
        },
        {
          "buUserRoleMappingId": 2068,
          "buId": 861,
          "buName": "CoE",
          "buRoleName": "ESS CoE Admin",
          "userName": "Erick Burkett",
          "buRoleId": 541,
          "userId": 1969,
          "userFirstName": "Erick",
          "userLastName": "Burkett",
          "userEmailId": "erick.burkett@usbank.com",
          "userNetworkId": "eaburk1",
          "userIsActive": "Active",
          "roleIsActive": "Active",
          "buIsActive": "Active"
        },
        {
          "buUserRoleMappingId": 2075,
          "buId": 861,
          "buName": "CoE",
          "buRoleName": "ESS CoE Admin",
          "userName": "Rachael Main",
          "buRoleId": 541,
          "userId": 1970,
          "userFirstName": "Rachael",
          "userLastName": "Main",
          "userEmailId": "rachael.main@usbank.com",
          "userNetworkId": "ramain",
          "userIsActive": "Active",
          "roleIsActive": "Active",
          "buIsActive": "Active"
        },
        {
          "buUserRoleMappingId": 2070,
          "buId": 861,
          "buName": "CoE",
          "buRoleName": "ESS CoE Admin",
          "userName": "Melinda Fischer",
          "buRoleId": 541,
          "userId": 1971,
          "userFirstName": "Melinda",
          "userLastName": "Fischer",
          "userEmailId": "melinda.fischer@usbank.com",
          "userNetworkId": "mcfisch",
          "userIsActive": "Active",
          "roleIsActive": "Active",
          "buIsActive": "Active"
        },
        {
          "buUserRoleMappingId": 2069,
          "buId": 861,
          "buName": "CoE",
          "buRoleName": "ESS CoE Admin",
          "userName": "Megan Koester Nichols",
          "buRoleId": 541,
          "userId": 1972,
          "userFirstName": "Megan",
          "userLastName": "Koester Nichols",
          "userEmailId": "megan.koester@usbank.com",
          "userNetworkId": "mekoes1",
          "userIsActive": "Active",
          "roleIsActive": "Active",
          "buIsActive": "Active"
        },
        {
          "buUserRoleMappingId": 2074,
          "buId": 861,
          "buName": "CoE",
          "buRoleName": "ESS CoE Admin",
          "userName": "Lawrence Villalovos",
          "buRoleId": 541,
          "userId": 1973,
          "userFirstName": "Lawrence",
          "userLastName": "Villalovos",
          "userEmailId": "lawrence.villalovos@usbank.com",
          "userNetworkId": "ldvill1",
          "userIsActive": "Active",
          "roleIsActive": "Active",
          "buIsActive": "Active"
        },
        {
          "buUserRoleMappingId": 2064,
          "buId": 861,
          "buName": "CoE",
          "buRoleName": "ESS CoE Admin",
          "userName": "Brian Phoenix",
          "buRoleId": 541,
          "userId": 1974,
          "userFirstName": "Brian",
          "userLastName": "Phoenix",
          "userEmailId": "brian.phoenix1@usbank.com",
          "userNetworkId": "brphoen",
          "userIsActive": "Active",
          "roleIsActive": "Active",
          "buIsActive": "Active"
        },
        {
          "buUserRoleMappingId": 2071,
          "buId": 861,
          "buName": "CoE",
          "buRoleName": "ESS CoE Admin",
          "userName": "Melissa Childers",
          "buRoleId": 541,
          "userId": 1975,
          "userFirstName": "Melissa",
          "userLastName": "Childers",
          "userEmailId": "melissa.childers@usbank.com",
          "userNetworkId": "mxchil1",
          "userIsActive": "Active",
          "roleIsActive": "Active",
          "buIsActive": "Active"
        },
        {
          "buUserRoleMappingId": 2161,
          "buId": 861,
          "buName": "CoE",
          "buRoleName": "ESS CoE Admin",
          "userName": "Dustin Wallace",
          "buRoleId": 541,
          "userId": 2021,
          "userFirstName": "Dustin",
          "userLastName": "Wallace",
          "userEmailId": "dustin.wallace@usbank.com",
          "userNetworkId": "dtwall1",
          "userIsActive": "Active",
          "roleIsActive": "Active",
          "buIsActive": "Active"
        },
        {
          "buUserRoleMappingId": 2221,
          "buId": 861,
          "buName": "CoE",
          "buRoleName": "ESS CoE Admin",
          "userName": "Amol Laxmikant Pathak",
          "buRoleId": 541,
          "userId": 2061,
          "userFirstName": "Amol Laxmikant",
          "userLastName": "Pathak",
          "userEmailId": "amollaxmikant.pathak2@usbank.com",
          "userNetworkId": "c046327",
          "userIsActive": "Active",
          "roleIsActive": "Active",
          "buIsActive": "Active"
        },
        {
          "buUserRoleMappingId": 1561,
          "buId": 861,
          "buName": "CoE",
          "buRoleName": "ESS CoE Admin",
          "userName": "Shioshankar Malewar",
          "buRoleId": 541,
          "userId": 261,
          "userFirstName": "Shioshankar",
          "userLastName": "Malewar",
          "userEmailId": "shioshankar.malewar1@usbank.com",
          "userNetworkId": "sgmalew",
          "userIsActive": "Active",
          "roleIsActive": "Active",
          "buIsActive": "Active"
        },
        {
          "buUserRoleMappingId": 31,
          "buId": 861,
          "buName": "CoE",
          "buRoleName": "ESS CoE Admin",
          "userName": "Muthu Selvam",
          "buRoleId": 541,
          "userId": 1022,
          "userFirstName": "Muthu",
          "userLastName": "Selvam",
          "userEmailId": "Muthu.selvam1@usbank.com",
          "userNetworkId": "c039405",
          "userIsActive": "Active",
          "roleIsActive": "Active",
          "buIsActive": "Active"
        },
        {
          "buUserRoleMappingId": 1702,
          "buId": 861,
          "buName": "CoE",
          "buRoleName": "ESS CoE Admin",
          "userName": "Akeel Ahmad",
          "buRoleId": 541,
          "userId": 1023,
          "userFirstName": "Akeel",
          "userLastName": "Ahmad",
          "userEmailId": "akeel.ahmad@usbank.com",
          "userNetworkId": "c037810",
          "userIsActive": "Active",
          "roleIsActive": "Active",
          "buIsActive": "Active"
        },
        {
          "buUserRoleMappingId": 1701,
          "buId": 861,
          "buName": "CoE",
          "buRoleName": "ESS CoE Admin",
          "userName": "Shivakant Rai",
          "buRoleId": 541,
          "userId": 1026,
          "userFirstName": "Shivakant",
          "userLastName": "Rai",
          "userEmailId": "shivakant.rai@usbank.com",
          "userNetworkId": "c038416",
          "userIsActive": "Active",
          "roleIsActive": "Active",
          "buIsActive": "Active"
        },
        {
          "buUserRoleMappingId": 1781,
          "buId": 861,
          "buName": "CoE",
          "buRoleName": "ESS CoE Admin",
          "userName": "Ashwin Shah",
          "buRoleId": 541,
          "userId": 1721,
          "userFirstName": "Ashwin",
          "userLastName": "Shah",
          "userEmailId": "ashwin.shah@usbank.com",
          "userNetworkId": "c042829",
          "userIsActive": "Active",
          "roleIsActive": "Active",
          "buIsActive": "Active"
        },
        {
          "buUserRoleMappingId": 1801,
          "buId": 861,
          "buName": "CoE",
          "buRoleName": "ESS CoE Admin",
          "userName": "Subha Singaram",
          "buRoleId": 541,
          "userId": 1741,
          "userFirstName": "Subha",
          "userLastName": "Singaram",
          "userEmailId": "subha.singaram@usbank.com",
          "userNetworkId": "sxsin13",
          "userIsActive": "Active",
          "roleIsActive": "Active",
          "buIsActive": "Active"
        },
        {
          "buUserRoleMappingId": 1661,
          "buId": 861,
          "buName": "CoE",
          "buRoleName": "ESS CoE Admin",
          "userName": "Deepthi Chaturvedi",
          "buRoleId": 541,
          "userId": 1641,
          "userFirstName": "Deepthi",
          "userLastName": "Chaturvedi",
          "userEmailId": "deepthi.chaturvedi@usbank.com",
          "userNetworkId": "dxchatu",
          "userIsActive": "Active",
          "roleIsActive": "Active",
          "buIsActive": "Active"
        },
        {
          "buUserRoleMappingId": 2,
          "buId": 861,
          "buName": "CoE",
          "buRoleName": "ESS CoE Admin",
          "userName": "Janelle Waters",
          "buRoleId": 541,
          "userId": 1074,
          "userFirstName": "Janelle",
          "userLastName": "Waters",
          "userEmailId": "janelle.waters@usbank.com",
          "userNetworkId": "jbwater",
          "userIsActive": "Active",
          "roleIsActive": "Active",
          "buIsActive": "Active"
        },
        {
          "buUserRoleMappingId": 1462,
          "buId": 861,
          "buName": "CoE",
          "buRoleName": "ESS CoE Admin",
          "userName": "Geetanjali Sahu",
          "buRoleId": 541,
          "userId": 1072,
          "userFirstName": "Geetanjali",
          "userLastName": "Sahu",
          "userEmailId": "geetanjali.sahu1@usbank.com",
          "userNetworkId": "c039699",
          "userIsActive": "Active",
          "roleIsActive": "Active",
          "buIsActive": "Active"
        },
        {
          "buUserRoleMappingId": 1961,
          "buId": 861,
          "buName": "CoE",
          "buRoleName": "ESS CoE Admin",
          "userName": "Anuradha Karakoti",
          "buRoleId": 541,
          "userId": 1070,
          "userFirstName": "Anuradha",
          "userLastName": "Karakoti",
          "userEmailId": "anuradha.karakoti@usbank.com",
          "userNetworkId": "c040597",
          "userIsActive": "Active",
          "roleIsActive": "Active",
          "buIsActive": "Active"
        },
        {
          "buUserRoleMappingId": 1982,
          "buId": 861,
          "buName": "CoE",
          "buRoleName": "ESS CoE Admin",
          "userName": "Ravi Gundiyal",
          "buRoleId": 541,
          "userId": 1069,
          "userFirstName": "Ravi",
          "userLastName": "Gundiyal",
          "userEmailId": "ravi.gundiyal1@usbank.com",
          "userNetworkId": "c029095",
          "userIsActive": "Active",
          "roleIsActive": "Active",
          "buIsActive": "Active"
        },
        {
          "buUserRoleMappingId": 2183,
          "buId": 861,
          "buName": "CoE",
          "buRoleName": "ESS CoE Admin",
          "userName": "Rakeshkumar Dhandode",
          "buRoleId": 541,
          "userId": 1067,
          "userFirstName": "Rakeshkumar",
          "userLastName": "Dhandode",
          "userEmailId": "rakeshkumar.dhandode@usbank.com",
          "userNetworkId": "c039717",
          "userIsActive": "Active",
          "roleIsActive": "Active",
          "buIsActive": "Active"
        },
        {
          "buUserRoleMappingId": 2082,
          "buId": 861,
          "buName": "CoE",
          "buRoleName": "ESS CoE Admin",
          "userName": "Nilesh Kumar",
          "buRoleId": 541,
          "userId": 1901,
          "userFirstName": "Nilesh",
          "userLastName": "Kumar",
          "userEmailId": "nilesh.kumar@usbank.com",
          "userNetworkId": "c042582",
          "userIsActive": "Active",
          "roleIsActive": "Active",
          "buIsActive": "Active"
        },
        {
          "buUserRoleMappingId": 1,
          "buId": 861,
          "buName": "CoE",
          "buRoleName": "ESS CoE Admin",
          "userName": "Jaya Naik",
          "buRoleId": 541,
          "userId": 1041,
          "userFirstName": "Jaya",
          "userLastName": "Naik",
          "userEmailId": "jaya.naik@usbank.com",
          "userNetworkId": "jsnaik",
          "userIsActive": "Active",
          "roleIsActive": "Active",
          "buIsActive": "Active"
        },
        {
          "buUserRoleMappingId": 2067,
          "buId": 861,
          "buName": "CoE",
          "buRoleName": "ESS CoE Admin",
          "userName": "Donnette Reid",
          "buRoleId": 541,
          "userId": 1963,
          "userFirstName": "Donnette",
          "userLastName": "Reid",
          "userEmailId": "donnette.reid@usbank.com",
          "userNetworkId": "dlreid",
          "userIsActive": "Active",
          "roleIsActive": "Active",
          "buIsActive": "Active"
        }
      ],
      "metadata": {
        "uIComponentID": "DASHBOARD_USER_ROLE_GRID",
        "dataCount": 45,
        "status": "Success",
        "errorMsg": null
      }
    },
    {
      "data": [
        {
          "userId": 1422,
          "userName": "250 250"
        },
        {
          "userId": 1023,
          "userName": "Akeel Ahmad"
        },
        {
          "userId": 1967,
          "userName": "Alyssa Pedersen"
        },
        {
          "userId": 2061,
          "userName": "Amol Laxmikant Pathak"
        },
        {
          "userId": 1965,
          "userName": "Ana Maya"
        },
        {
          "userId": 1327,
          "userName": "Anjana Honnavar"
        },
        {
          "userId": 1070,
          "userName": "Anuradha Karakoti"
        },
        {
          "userId": 1121,
          "userName": "Arya Poovannumvilayil antony"
        },
        {
          "userId": 1721,
          "userName": "Ashwin Shah"
        },
        {
          "userId": 1968,
          "userName": "Brian Moore"
        },
        {
          "userId": 1974,
          "userName": "Brian Phoenix"
        },
        {
          "userId": 1981,
          "userName": "Chrissy Singh"
        },
        {
          "userId": 1964,
          "userName": "Christopher Glendening"
        },
        {
          "userId": 1961,
          "userName": "Christopher Morris"
        },
        {
          "userId": 1982,
          "userName": "Ciara Hutton"
        },
        {
          "userId": 2001,
          "userName": "Ciara Mc Lean"
        },
        {
          "userId": 1984,
          "userName": "Dean Stallons"
        },
        {
          "userId": 1641,
          "userName": "Deepthi Chaturvedi"
        },
        {
          "userId": 1068,
          "userName": "Dhiraj Gogawale"
        },
        {
          "userId": 1963,
          "userName": "Donnette Reid"
        },
        {
          "userId": 1821,
          "userName": "Dummy data"
        },
        {
          "userId": 2021,
          "userName": "Dustin Wallace"
        },
        {
          "userId": 1969,
          "userName": "Erick Burkett"
        },
        {
          "userId": 1761,
          "userName": "Gaurav Srivastava"
        },
        {
          "userId": 1072,
          "userName": "Geetanjali Sahu"
        },
        {
          "userId": 1265,
          "userName": "Hiru sss"
        },
        {
          "userId": 1074,
          "userName": "Janelle Waters"
        },
        {
          "userId": 1041,
          "userName": "Jaya Naik"
        },
        {
          "userId": 1184,
          "userName": "Jayshree Kumar4"
        },
        {
          "userId": 2002,
          "userName": "Jennifer Figueroa"
        },
        {
          "userId": 1021,
          "userName": "John Hock"
        },
        {
          "userId": 1973,
          "userName": "Lawrence Villalovos"
        },
        {
          "userId": 1381,
          "userName": "Madan Bellala"
        },
        {
          "userId": 1465,
          "userName": "Manish Kumar"
        },
        {
          "userId": 1062,
          "userName": "Manish Lalwani"
        },
        {
          "userId": 1972,
          "userName": "Megan Koester Nichols"
        },
        {
          "userId": 1971,
          "userName": "Melinda Fischer"
        },
        {
          "userId": 1975,
          "userName": "Melissa Childers"
        },
        {
          "userId": 1028,
          "userName": "Mohammed Imran"
        },
        {
          "userId": 1182,
          "userName": "Murfy c"
        },
        {
          "userId": 1022,
          "userName": "Muthu Selvam"
        },
        {
          "userId": 1901,
          "userName": "Nilesh Kumar"
        },
        {
          "userId": 1966,
          "userName": "Oleg Ostanniy"
        },
        {
          "userId": 1073,
          "userName": "Priya Sharma"
        },
        {
          "userId": 2081,
          "userName": "RSD M"
        },
        {
          "userId": 1970,
          "userName": "Rachael Main"
        },
        {
          "userId": 1382,
          "userName": "Rajesh Turamalla"
        },
        {
          "userId": 1067,
          "userName": "Rakeshkumar Dhandode"
        },
        {
          "userId": 1481,
          "userName": "Ram Laksha"
        },
        {
          "userId": 1027,
          "userName": "Rashmi Agrahari"
        },
        {
          "userId": 1402,
          "userName": "Rashmii Agraharii"
        },
        {
          "userId": 1069,
          "userName": "Ravi Gundiyal"
        },
        {
          "userId": 1543,
          "userName": "Sami Akabar"
        },
        {
          "userId": 1463,
          "userName": "Sami Akbar"
        },
        {
          "userId": 1071,
          "userName": "Sheetal Patil"
        },
        {
          "userId": 261,
          "userName": "Shioshankar Malewar"
        },
        {
          "userId": 1026,
          "userName": "Shivakant Rai"
        },
        {
          "userId": 1001,
          "userName": "Srinivasa Boddapati"
        },
        {
          "userId": 1741,
          "userName": "Subha Singaram"
        },
        {
          "userId": 1363,
          "userName": "Sumaira Akbar"
        },
        {
          "userId": 1484,
          "userName": "Test1234 Test21234"
        },
        {
          "userId": 1281,
          "userName": "Test26Sept Test26Sept"
        },
        {
          "userId": 1962,
          "userName": "Tyrone Sunde"
        },
        {
          "userId": 1065,
          "userName": "Varun Verma"
        },
        {
          "userId": 1921,
          "userName": "Vi Huynh"
        },
        {
          "userId": 1077,
          "userName": "Vivek Tiwari"
        },
        {
          "userId": 1985,
          "userName": "Wayne Thompson"
        },
        {
          "userId": 1983,
          "userName": "Xiomara Figueroa Siliuto"
        },
        {
          "userId": 1267,
          "userName": "anil kumar"
        },
        {
          "userId": 1282,
          "userName": "deepak kumar"
        },
        {
          "userId": 1262,
          "userName": "dsa asf"
        },
        {
          "userId": 1302,
          "userName": "dummy data"
        },
        {
          "userId": 1621,
          "userName": "dummyuser dyuser"
        },
        {
          "userId": 1241,
          "userName": "rini rawat"
        },
        {
          "userId": 1521,
          "userName": "rt fh"
        },
        {
          "userId": 1266,
          "userName": "vineet kumar"
        },
        {
          "userId": 1263,
          "userName": "wrre gfj"
        }
      ],
      "metadata": {
        "uIComponentID": "DASHBOARD_SELECT_USER_ALL_DROPDOWN",
        "dataCount": 77,
        "status": "Success",
        "errorMsg": null
      }
    }
  ],
  "metadata": {
    "uIComponentID": "METADATA",
    "dataCount": 4,
    "status": "Success",
    "errorMsg": null
  }
}