{
  "data": [
    {
      "buName": "ACH",
      "min0to30": 10,
      "min30to60": 12,
      "min60to90": 13,
      "min90to120": 20,
      "min120to150": 50,
      "min150to180": 70,
      "min180to210": 20,
      "min210to240": 40,
      "min240plus": 90,
      "flag": "C"
    },
    {
      "buName": "ACH%",
      "min0to30": 10,
      "min30to60": 12,
      "min60to90": 13,
      "min90to120": 20,
      "min120to150": 50,
      "min150to180": 70,
      "min180to210": 20,
      "min210to240": 40,
      "min240plus": 90,
      "flag": "P"
    },
    {
      "buName": "DI",
      "min0to30": 20,
      "min30to60": 32,
      "min60to90": 23,
      "min90to120": 40,
      "min120to150": 50,
      "min150to180": 30,
      "min180to210": 60,
      "min210to240": 70,
      "min240plus": 80,
      "flag": "C"
    },
    {
      "buName": "DI%",
      "min0to30": 20,
      "min30to60": 32,
      "min60to90": 23,
      "min90to120": 40,
      "min120to150": 50,
      "min150to180": 30,
      "min180to210": 60,
      "min210to240": 70,
      "min240plus": 80,
      "flag": "P"
    },
    {
      "buName": "FX",
      "min0to30": 10,
      "min30to60": 22,
      "min60to90": 33,
      "min90to120": 20,
      "min120to150": 40,
      "min150to180": 30,
      "min180to210": 50,
      "min210to240": 70,
      "min240plus": 70,
      "flag": "C"
    },
    {
      "buName": "FX%",
      "min0to30": 10,
      "min30to60": 22,
      "min60to90": 33,
      "min90to120": 20,
      "min120to150": 40,
      "min150to180": 30,
      "min180to210": 50,
      "min210to240": 70,
      "min240plus": 70,
      "flag": "P"
    },
    {
      "buName": "GDS",
      "min0to30": 30,
      "min30to60": 42,
      "min60to90": 63,
      "min90to120": 70,
      "min120to150": 80,
      "min150to180": 30,
      "min180to210": 50,
      "min210to240": 10,
      "min240plus": 90,
      "flag": "C"
    },
    {
      "buName": "GDS%",
      "min0to30": 30,
      "min30to60": 42,
      "min60to90": 63,
      "min90to120": 70,
      "min120to150": 80,
      "min150to180": 30,
      "min180to210": 50,
      "min210to240": 10,
      "min240plus": 90,
      "flag": "P"
    },
    {
      "buName": "ICS",
      "min0to30": 20,
      "min30to60": 12,
      "min60to90": 33,
      "min90to120": 50,
      "min120to150": 60,
      "min150to180": 60,
      "min180to210": 40,
      "min210to240": 20,
      "min240plus": 80,
      "flag": "C"
    },
    {
      "buName": "ICS%",
      "min0to30": 20,
      "min30to60": 12,
      "min60to90": 33,
      "min90to120": 50,
      "min120to150": 60,
      "min150to180": 60,
      "min180to210": 40,
      "min210to240": 20,
      "min240plus": 80,
      "flag": "P"
    },
    {
      "buName": "IR",
      "min0to30": 10,
      "min30to60": 32,
      "min60to90": 23,
      "min90to120": 50,
      "min120to150": 70,
      "min150to180": 40,
      "min180to210": 50,
      "min210to240": 20,
      "min240plus": 60,
      "flag": "C"
    },
    {
      "buName": "IR%",
      "min0to30": 10,
      "min30to60": 32,
      "min60to90": 23,
      "min90to120": 50,
      "min120to150": 70,
      "min150to180": 40,
      "min180to210": 50,
      "min210to240": 20,
      "min240plus": 60,
      "flag": "P"
    },
    {
      "buName": "SCF",
      "min0to30": 5,
      "min30to60": 2,
      "min60to90": 3,
      "min90to120": 0,
      "min120to150": 0,
      "min150to180": 4,
      "min180to210": 5,
      "min210to240": 2,
      "min240plus": 6,
      "flag": "C"
    },
    {
      "buName": "SCF%",
      "min0to30": 5,
      "min30to60": 2,
      "min60to90": 3,
      "min90to120": 0,
      "min120to150": 0,
      "min150to180": 4,
      "min180to210": 5,
      "min210to240": 2,
      "min240plus": 6,
      "flag": "P"
    },
    {
      "buName": "RTP",
      "min0to30": 15,
      "min30to60": 12,
      "min60to90": 13,
      "min90to120": 10,
      "min120to150": 10,
      "min150to180": 14,
      "min180to210": 15,
      "min210to240": 12,
      "min240plus": 16,
      "flag": "C"
    },
    {
      "buName": "RTP%",
      "min0to30": 15,
      "min30to60": 12,
      "min60to90": 13,
      "min90to120": 10,
      "min120to150": 10,
      "min150to180": 14,
      "min180to210": 15,
      "min210to240": 12,
      "min240plus": 16,
      "flag": "P"
    },
    {
      "buName": "DP",
      "min0to30": 25,
      "min30to60": 32,
      "min60to90": 23,
      "min90to120": 30,
      "min120to150": 20,
      "min150to180": 34,
      "min180to210": 55,
      "min210to240": 42,
      "min240plus": 46,
      "flag": "C"
    },
    {
      "buName": "WAMS",
      "min0to30": 55,
      "min30to60": 22,
      "min60to90": 43,
      "min90to120": 20,
      "min120to150": 50,
      "min150to180": 14,
      "min180to210": 15,
      "min210to240": 22,
      "min240plus": 36,
      "flag": "C"
    },
    {
      "buName": "WAMS%",
      "min0to30": 25,
      "min30to60": 32,
      "min60to90": 23,
      "min90to120": 30,
      "min120to150": 20,
      "min150to180": 34,
      "min180to210": 55,
      "min210to240": 42,
      "min240plus": 46,
      "flag": "P"
    },
    {
      "buName": "TOTAL",
      "min0to30": 87,
      "min30to60": 77,
      "min60to90": 99,
      "min90to120": 100,
      "min120to150": 70,
      "min150to180": 80,
      "min180to210": 59,
      "min210to240": 90,
      "min240plus": 96
    },
    {
      "buName": "TOTAL%",
      "min0to30": 87,
      "min30to60": 77,
      "min60to90": 99,
      "min90to120": 100,
      "min120to150": 70,
      "min150to180": 80,
      "min180to210": 59,
      "min210to240": 90,
      "min240plus": 96
    }
  ],
  "metadata": {
    "uIComponentID": "SLA_REPORT",
    "dataCount": 2,
    "status": "Success",
    "errorMsg": null
  }
}
